1/2/2018,08:00:02,6.2097,-75.5656,KBT964,10 HOTEL
1/2/2018,19:40:13,6.2097,-75.5656,DHY119,10 HOTEL
2/2/2018,10:06:03,6.2097,-75.5656,DHY119,10 HOTEL
2/2/2018,10:39:37,6.2097,-75.5656,KBT964,10 HOTEL
2/2/2018,13:02:32,6.2097,-75.5656,MNT201,10 HOTEL
2/2/2018,15:02:46,6.2097,-75.5656,FCV756,10 HOTEL
22/1/2018,06:07:28,6.2097,-75.5656,DHY119,10 HOTEL
22/1/2018,12:10:08,6.2097,-75.5656,DHY119,10 HOTEL
22/1/2018,14:45:56,6.2097,-75.5656,FGU775,10 HOTEL
22/1/2018,14:55:45,6.2097,-75.5656,MNQ682,10 HOTEL
22/1/2018,18:03:44,6.2097,-75.5656,FGU225,10 HOTEL
24/1/2018,05:39:26,6.2097,-75.5656,DHY119,10 HOTEL
24/1/2018,16:08:31,6.2097,-75.5656,FBX643,10 HOTEL
25/1/2018,14:36:48,6.2097,-75.5656,FGU775,10 HOTEL
26/1/2018,09:02:15,6.2097,-75.5656,DFW940,10 HOTEL
26/1/2018,10:54:12,6.2097,-75.5656,FGU775,10 HOTEL
26/1/2018,15:12:19,6.2097,-75.5656,MMT015,10 HOTEL
27/1/2018,08:59:24,6.2097,-75.5656,HFK128,10 HOTEL
27/1/2018,10:41:37,6.2097,-75.5656,HFK128,10 HOTEL
27/1/2018,13:11:08,6.2097,-75.5656,MNT201,10 HOTEL
27/1/2018,13:14:08,6.2097,-75.5656,MMX963,10 HOTEL
28/1/2018,15:44:23,6.2097,-75.5656,DHY119,10 HOTEL
28/1/2018,17:30:23,6.2097,-75.5656,MSO352,10 HOTEL
29/1/2018,06:03:39,6.2097,-75.5656,DHY119,10 HOTEL
29/1/2018,12:08:47,6.2097,-75.5656,FGT684,10 HOTEL
3/2/2018,07:06:06,6.2097,-75.5656,DFW940,10 HOTEL
3/2/2018,10:15:59,6.2097,-75.5656,DHY119,10 HOTEL
3/2/2018,19:08:20,6.2097,-75.5656,RID923,10 HOTEL
30/1/2018,07:10:07,6.2097,-75.5656,DFW940,10 HOTEL
30/1/2018,10:54:05,6.2097,-75.5656,BRK342,10 HOTEL
31/1/2018,05:09:31,6.2097,-75.5656,MNQ464,10 HOTEL
31/1/2018,09:48:21,6.2097,-75.5656,BRK342,10 HOTEL
31/1/2018,17:35:01,6.2097,-75.5656,MNT201,10 HOTEL
31/1/2018,17:39:01,6.2097,-75.5656,DFW940,10 HOTEL
31/1/2018,19:30:58,6.2097,-75.5656,DHY119,10 HOTEL
31/1/2018,23:03:59,6.2097,-75.5656,FGT684,10 HOTEL
4/2/2018,14:56:36,6.2097,-75.5656,DFW940,10 HOTEL
1/2/2018,09:13:11,6.222679,-75.591932,DHY119,AEROPARQUE JUAN PABLO II
1/2/2018,09:39:45,6.222679,-75.591932,MNN689,AEROPARQUE JUAN PABLO II
1/2/2018,10:49:11,6.222679,-75.591932,EKK801,AEROPARQUE JUAN PABLO II
1/2/2018,11:46:23,6.222679,-75.591932,MNP616,AEROPARQUE JUAN PABLO II
1/2/2018,14:36:39,6.222679,-75.591932,FCL797,AEROPARQUE JUAN PABLO II
1/2/2018,16:31:07,6.222679,-75.591932,MNP616,AEROPARQUE JUAN PABLO II
1/2/2018,17:03:40,6.222679,-75.591932,FGW001,AEROPARQUE JUAN PABLO II
1/2/2018,19:06:00,6.222679,-75.591932,DHY119,AEROPARQUE JUAN PABLO II
2/2/2018,05:24:36,6.222679,-75.591932,DHY119,AEROPARQUE JUAN PABLO II
2/2/2018,16:40:37,6.222679,-75.591932,EKK801,AEROPARQUE JUAN PABLO II
22/1/2018,05:45:51,6.222679,-75.591932,DHY119,AEROPARQUE JUAN PABLO II
22/1/2018,11:20:29,6.222679,-75.591932,MNP616,AEROPARQUE JUAN PABLO II
22/1/2018,11:39:14,6.222679,-75.591932,DHY119,AEROPARQUE JUAN PABLO II
22/1/2018,18:36:13,6.222679,-75.591932,KIZ412,AEROPARQUE JUAN PABLO II
22/1/2018,19:13:00,6.222679,-75.591932,DHY119,AEROPARQUE JUAN PABLO II
23/1/2018,12:05:56,6.222679,-75.591932,DHY119,AEROPARQUE JUAN PABLO II
24/1/2018,08:54:08,6.222679,-75.591932,MNA513,AEROPARQUE JUAN PABLO II
24/1/2018,09:44:18,6.222679,-75.591932,MNP616,AEROPARQUE JUAN PABLO II
24/1/2018,13:44:53,6.222679,-75.591932,MNA513,AEROPARQUE JUAN PABLO II
24/1/2018,14:01:47,6.222679,-75.591932,MNP616,AEROPARQUE JUAN PABLO II
24/1/2018,16:31:45,6.222679,-75.591932,DHY119,AEROPARQUE JUAN PABLO II
24/1/2018,17:24:24,6.222679,-75.591932,EKK801,AEROPARQUE JUAN PABLO II
25/1/2018,09:02:43,6.222679,-75.591932,DHY119,AEROPARQUE JUAN PABLO II
25/1/2018,11:29:27,6.222679,-75.591932,MNS963,AEROPARQUE JUAN PABLO II
25/1/2018,12:24:21,6.222679,-75.591932,DHY119,AEROPARQUE JUAN PABLO II
26/1/2018,05:14:13,6.222679,-75.591932,DHY119,AEROPARQUE JUAN PABLO II
26/1/2018,08:35:39,6.222679,-75.591932,MNS963,AEROPARQUE JUAN PABLO II
26/1/2018,14:23:18,6.222679,-75.591932,MNP616,AEROPARQUE JUAN PABLO II
26/1/2018,17:06:26,6.222679,-75.591932,FCV756,AEROPARQUE JUAN PABLO II
27/1/2018,05:27:41,6.222679,-75.591932,DHY119,AEROPARQUE JUAN PABLO II
27/1/2018,10:41:11,6.222679,-75.591932,DHY119,AEROPARQUE JUAN PABLO II
27/1/2018,13:32:47,6.222679,-75.591932,EKK801,AEROPARQUE JUAN PABLO II
27/1/2018,17:22:22,6.222679,-75.591932,MOX764,AEROPARQUE JUAN PABLO II
28/1/2018,08:56:26,6.222679,-75.591932,MNP616,AEROPARQUE JUAN PABLO II
28/1/2018,13:15:10,6.222679,-75.591932,MNP616,AEROPARQUE JUAN PABLO II
28/1/2018,17:40:13,6.222679,-75.591932,DFW940,AEROPARQUE JUAN PABLO II
29/1/2018,10:17:44,6.222679,-75.591932,MNP616,AEROPARQUE JUAN PABLO II
29/1/2018,14:50:54,6.222679,-75.591932,MNP616,AEROPARQUE JUAN PABLO II
29/1/2018,17:22:27,6.222679,-75.591932,EKK801,AEROPARQUE JUAN PABLO II
3/2/2018,06:39:42,6.222679,-75.591932,DHY119,AEROPARQUE JUAN PABLO II
3/2/2018,11:21:39,6.222679,-75.591932,KIX871,AEROPARQUE JUAN PABLO II
3/2/2018,14:24:00,6.222679,-75.591932,MSR546,AEROPARQUE JUAN PABLO II
3/2/2018,16:34:01,6.222679,-75.591932,MNP616,AEROPARQUE JUAN PABLO II
30/1/2018,09:54:53,6.222679,-75.591932,MNP616,AEROPARQUE JUAN PABLO II
30/1/2018,12:19:44,6.222679,-75.591932,DHY119,AEROPARQUE JUAN PABLO II
31/1/2018,05:37:56,6.222679,-75.591932,DHY119,AEROPARQUE JUAN PABLO II
31/1/2018,09:29:30,6.222679,-75.591932,EKW374,AEROPARQUE JUAN PABLO II
31/1/2018,11:10:52,6.222679,-75.591932,MNP616,AEROPARQUE JUAN PABLO II
31/1/2018,11:29:32,6.222679,-75.591932,EKK801,AEROPARQUE JUAN PABLO II
31/1/2018,12:27:49,6.222679,-75.591932,MNS963,AEROPARQUE JUAN PABLO II
31/1/2018,14:35:27,6.222679,-75.591932,MNP616,AEROPARQUE JUAN PABLO II
4/2/2018,15:13:24,6.222679,-75.591932,DHY119,AEROPARQUE JUAN PABLO II
1/2/2018,07:46:23,6.245862,-75.573025,FBX643,ALPUJARRA - R
1/2/2018,11:09:46,6.245862,-75.573025,FAV822,ALPUJARRA - R
1/2/2018,13:34:39,6.245862,-75.573025,FAV822,ALPUJARRA - R
1/2/2018,14:18:52,6.245862,-75.573025,MMQ780,ALPUJARRA - R
1/2/2018,20:52:02,6.245862,-75.573025,KHG517,ALPUJARRA - R
2/2/2018,16:45:03,6.245862,-75.573025,EKN739,ALPUJARRA - R
2/2/2018,17:26:20,6.245862,-75.573025,KJB229,ALPUJARRA - R
2/2/2018,18:49:42,6.245862,-75.573025,MMS511,ALPUJARRA - R
22/1/2018,09:01:09,6.245862,-75.573025,MNQ310,ALPUJARRA - R
22/1/2018,14:16:45,6.245862,-75.573025,EKK801,ALPUJARRA - R
22/1/2018,16:07:52,6.245862,-75.573025,MMQ780,ALPUJARRA - R
22/1/2018,20:01:23,6.245862,-75.573025,FCR687,ALPUJARRA - R
23/1/2018,10:22:42,6.245862,-75.573025,HFK128,ALPUJARRA - R
24/1/2018,12:51:26,6.245862,-75.573025,MFV743,ALPUJARRA - R
24/1/2018,12:51:35,6.245862,-75.573025,MOP747,ALPUJARRA - R
24/1/2018,22:10:02,6.245862,-75.573025,HFK128,ALPUJARRA - R
25/1/2018,07:44:26,6.245862,-75.573025,FBX643,ALPUJARRA - R
26/1/2018,08:29:37,6.245862,-75.573025,HFK128,ALPUJARRA - R
26/1/2018,09:21:06,6.245862,-75.573025,FHK312,ALPUJARRA - R
26/1/2018,10:12:53,6.245862,-75.573025,FBX643,ALPUJARRA - R
26/1/2018,11:56:08,6.245862,-75.573025,DFY102,ALPUJARRA - R
26/1/2018,12:01:48,6.245862,-75.573025,MMW494,ALPUJARRA - R
26/1/2018,12:53:07,6.245862,-75.573025,MMQ780,ALPUJARRA - R
26/1/2018,17:36:50,6.245862,-75.573025,KJB229,ALPUJARRA - R
27/1/2018,14:54:56,6.245862,-75.573025,MMQ780,ALPUJARRA - R
27/1/2018,19:44:54,6.245862,-75.573025,FCR687,ALPUJARRA - R
28/1/2018,01:37:55,6.245862,-75.573025,FAW125,ALPUJARRA - R
28/1/2018,06:48:13,6.245862,-75.573025,MNQ310,ALPUJARRA - R
28/1/2018,11:18:16,6.245862,-75.573025,FGU775,ALPUJARRA - R
28/1/2018,12:37:54,6.245862,-75.573025,FAV822,ALPUJARRA - R
29/1/2018,17:11:25,6.245862,-75.573025,KJB229,ALPUJARRA - R
3/2/2018,08:56:28,6.245862,-75.573025,HFK128,ALPUJARRA - R
3/2/2018,09:48:07,6.245862,-75.573025,FBX643,ALPUJARRA - R
3/2/2018,11:53:07,6.245862,-75.573025,MMQ780,ALPUJARRA - R
30/1/2018,07:56:23,6.245862,-75.573025,MMQ780,ALPUJARRA - R
30/1/2018,18:18:20,6.245862,-75.573025,KJB229,ALPUJARRA - R
31/1/2018,07:58:19,6.245862,-75.573025,FBX643,ALPUJARRA - R
31/1/2018,09:48:08,6.245862,-75.573025,MMQ780,ALPUJARRA - R
4/2/2018,16:21:33,6.245862,-75.573025,FAV822,ALPUJARRA - R
4/2/2018,20:40:03,6.245862,-75.573025,HFK128,ALPUJARRA - R
1/2/2018,08:32:44,6.2276,-75.5834,KBV558,BARRIO ANTIOQUIA
1/2/2018,11:07:41,6.2276,-75.5834,CKG936,BARRIO ANTIOQUIA
2/2/2018,11:07:52,6.2276,-75.5834,FAN580,BARRIO ANTIOQUIA
2/2/2018,18:11:10,6.2276,-75.5834,FAN580,BARRIO ANTIOQUIA
25/1/2018,09:40:54,6.2276,-75.5834,MNQ464,BARRIO ANTIOQUIA
26/1/2018,11:00:47,6.2276,-75.5834,EKR425,BARRIO ANTIOQUIA
27/1/2018,07:42:23,6.2276,-75.5834,MVV979,BARRIO ANTIOQUIA
27/1/2018,09:22:51,6.2276,-75.5834,MNS963,BARRIO ANTIOQUIA
27/1/2018,17:07:38,6.2276,-75.5834,FHK060,BARRIO ANTIOQUIA
28/1/2018,07:37:30,6.2276,-75.5834,MNS963,BARRIO ANTIOQUIA
29/1/2018,12:02:18,6.2276,-75.5834,MOP747,BARRIO ANTIOQUIA
30/1/2018,15:32:24,6.2276,-75.5834,EKV319,BARRIO ANTIOQUIA
30/1/2018,17:59:31,6.2276,-75.5834,EKV119,BARRIO ANTIOQUIA
30/1/2018,21:50:53,6.2276,-75.5834,MST604,BARRIO ANTIOQUIA
31/1/2018,08:07:29,6.2276,-75.5834,MNS963,BARRIO ANTIOQUIA
31/1/2018,17:05:42,6.2276,-75.5834,BRK342,BARRIO ANTIOQUIA
31/1/2018,19:45:52,6.2276,-75.5834,FHK060,BARRIO ANTIOQUIA
1/2/2018,09:40:07,6.22018,-75.580224,MNL789,BODEGAS OLAYA
1/2/2018,20:02:38,6.22018,-75.580224,KHG517,BODEGAS OLAYA
2/2/2018,04:12:14,6.22018,-75.580224,MST604,BODEGAS OLAYA
2/2/2018,07:40:46,6.22018,-75.580224,FAV822,BODEGAS OLAYA
2/2/2018,15:56:12,6.22018,-75.580224,FAM813,BODEGAS OLAYA
2/2/2018,23:31:57,6.22018,-75.580224,KHG517,BODEGAS OLAYA
22/1/2018,11:32:16,6.22018,-75.580224,EKU521,BODEGAS OLAYA
22/1/2018,13:34:43,6.22018,-75.580224,MNS963,BODEGAS OLAYA
22/1/2018,18:11:51,6.22018,-75.580224,MOX553,BODEGAS OLAYA
23/1/2018,08:59:10,6.22018,-75.580224,MNA513,BODEGAS OLAYA
24/1/2018,06:16:12,6.22018,-75.580224,MST604,BODEGAS OLAYA
25/1/2018,09:46:56,6.22018,-75.580224,EKV319,BODEGAS OLAYA
25/1/2018,15:35:00,6.22018,-75.580224,MNT418,BODEGAS OLAYA
25/1/2018,18:10:06,6.22018,-75.580224,EKV119,BODEGAS OLAYA
26/1/2018,18:00:14,6.22018,-75.580224,KIW930,BODEGAS OLAYA
27/1/2018,04:15:21,6.22018,-75.580224,MST604,BODEGAS OLAYA
27/1/2018,20:04:13,6.22018,-75.580224,FBP847,BODEGAS OLAYA
28/1/2018,04:16:41,6.22018,-75.580224,MST604,BODEGAS OLAYA
28/1/2018,14:50:54,6.22018,-75.580224,RID923,BODEGAS OLAYA
28/1/2018,21:08:48,6.22018,-75.580224,FAV822,BODEGAS OLAYA
29/1/2018,15:20:16,6.22018,-75.580224,FAM813,BODEGAS OLAYA
29/1/2018,17:13:08,6.22018,-75.580224,EKV119,BODEGAS OLAYA
29/1/2018,22:14:25,6.22018,-75.580224,FAM813,BODEGAS OLAYA
3/2/2018,07:24:28,6.22018,-75.580224,MNT890,BODEGAS OLAYA
3/2/2018,13:34:24,6.22018,-75.580224,MMA209,BODEGAS OLAYA
30/1/2018,18:23:06,6.22018,-75.580224,EKK801,BODEGAS OLAYA
4/2/2018,04:16:32,6.22018,-75.580224,MST604,BODEGAS OLAYA
4/2/2018,10:10:13,6.22018,-75.580224,FAM813,BODEGAS OLAYA
4/2/2018,12:18:49,6.22018,-75.580224,MNP616,BODEGAS OLAYA
4/2/2018,17:58:36,6.22018,-75.580224,RID923,BODEGAS OLAYA
1/2/2018,07:48:13,6.21795,-75.57534,KHS186,BOMBA ESSO - LAS VEGAS
1/2/2018,09:02:14,6.21795,-75.57534,MOP747,BOMBA ESSO - LAS VEGAS
1/2/2018,11:41:24,6.21795,-75.57534,KHS186,BOMBA ESSO - LAS VEGAS
1/2/2018,14:53:29,6.21795,-75.57534,MMW494,BOMBA ESSO - LAS VEGAS
2/2/2018,09:16:08,6.21795,-75.57534,MOP747,BOMBA ESSO - LAS VEGAS
2/2/2018,10:01:29,6.21795,-75.57534,FCL797,BOMBA ESSO - LAS VEGAS
2/2/2018,14:07:34,6.21795,-75.57534,KBT964,BOMBA ESSO - LAS VEGAS
2/2/2018,14:51:35,6.21795,-75.57534,FAU466,BOMBA ESSO - LAS VEGAS
2/2/2018,16:43:25,6.21795,-75.57534,KHS186,BOMBA ESSO - LAS VEGAS
23/1/2018,11:15:02,6.21795,-75.57534,DXX951,BOMBA ESSO - LAS VEGAS
24/1/2018,08:32:24,6.21795,-75.57534,DFS076,BOMBA ESSO - LAS VEGAS
24/1/2018,09:10:59,6.21795,-75.57534,MVV979,BOMBA ESSO - LAS VEGAS
24/1/2018,17:22:36,6.21795,-75.57534,MMW494,BOMBA ESSO - LAS VEGAS
26/1/2018,02:25:01,6.21795,-75.57534,MFV141,BOMBA ESSO - LAS VEGAS
26/1/2018,13:04:38,6.21795,-75.57534,DXX951,BOMBA ESSO - LAS VEGAS
27/1/2018,14:06:47,6.21795,-75.57534,MNA513,BOMBA ESSO - LAS VEGAS
27/1/2018,15:00:51,6.21795,-75.57534,DXX951,BOMBA ESSO - LAS VEGAS
27/1/2018,16:56:29,6.21795,-75.57534,FAU466,BOMBA ESSO - LAS VEGAS
27/1/2018,18:06:26,6.21795,-75.57534,MVV979,BOMBA ESSO - LAS VEGAS
27/1/2018,21:26:28,6.21795,-75.57534,MOX764,BOMBA ESSO - LAS VEGAS
28/1/2018,16:12:48,6.21795,-75.57534,DXX951,BOMBA ESSO - LAS VEGAS
28/1/2018,16:20:35,6.21795,-75.57534,RAV695,BOMBA ESSO - LAS VEGAS
28/1/2018,21:44:29,6.21795,-75.57534,MFV141,BOMBA ESSO - LAS VEGAS
29/1/2018,07:27:04,6.21795,-75.57534,MOP747,BOMBA ESSO - LAS VEGAS
29/1/2018,10:28:48,6.21795,-75.57534,FGT684,BOMBA ESSO - LAS VEGAS
29/1/2018,14:41:16,6.21795,-75.57534,MOY387,BOMBA ESSO - LAS VEGAS
29/1/2018,18:23:14,6.21795,-75.57534,KHS186,BOMBA ESSO - LAS VEGAS
3/2/2018,11:02:20,6.21795,-75.57534,EKR425,BOMBA ESSO - LAS VEGAS
3/2/2018,23:51:25,6.21795,-75.57534,MFV141,BOMBA ESSO - LAS VEGAS
30/1/2018,07:27:46,6.21795,-75.57534,MOP747,BOMBA ESSO - LAS VEGAS
30/1/2018,15:05:11,6.21795,-75.57534,EKV319,BOMBA ESSO - LAS VEGAS
30/1/2018,19:13:21,6.21795,-75.57534,FGU225,BOMBA ESSO - LAS VEGAS
4/2/2018,12:59:12,6.21795,-75.57534,MFV141,BOMBA ESSO - LAS VEGAS
4/2/2018,15:12:58,6.21795,-75.57534,RAV695,BOMBA ESSO - LAS VEGAS
4/2/2018,18:59:31,6.21795,-75.57534,RAV695,BOMBA ESSO - LAS VEGAS
1/2/2018,08:23:25,6.207424,-75.589221,KHG517,CAMPOS DE PAZ
1/2/2018,09:35:32,6.207424,-75.589221,MNN689,CAMPOS DE PAZ
1/2/2018,10:43:05,6.207424,-75.589221,EKK801,CAMPOS DE PAZ
1/2/2018,12:03:25,6.207424,-75.589221,MNS963,CAMPOS DE PAZ
1/2/2018,14:18:55,6.207424,-75.589221,FCL797,CAMPOS DE PAZ
1/2/2018,14:31:35,6.207424,-75.589221,FGW001,CAMPOS DE PAZ
1/2/2018,18:09:05,6.207424,-75.589221,ITX936,CAMPOS DE PAZ
2/2/2018,11:53:34,6.207424,-75.589221,EWX390,CAMPOS DE PAZ
2/2/2018,12:57:00,6.207424,-75.589221,MNN689,CAMPOS DE PAZ
2/2/2018,16:34:56,6.207424,-75.589221,EKK801,CAMPOS DE PAZ
2/2/2018,16:46:34,6.207424,-75.589221,DHY119,CAMPOS DE PAZ
2/2/2018,21:14:12,6.207424,-75.589221,KIX871,CAMPOS DE PAZ
22/1/2018,15:57:41,6.207424,-75.589221,MVV979,CAMPOS DE PAZ
23/1/2018,15:25:21,6.207424,-75.589221,MNM664,CAMPOS DE PAZ
23/1/2018,17:25:34,6.207424,-75.589221,MNA513,CAMPOS DE PAZ
23/1/2018,18:15:32,6.207424,-75.589221,ITX936,CAMPOS DE PAZ
23/1/2018,19:41:24,6.207424,-75.589221,DHY119,CAMPOS DE PAZ
24/1/2018,08:21:04,6.207424,-75.589221,MNS963,CAMPOS DE PAZ
24/1/2018,17:18:29,6.207424,-75.589221,EKK801,CAMPOS DE PAZ
24/1/2018,19:30:24,6.207424,-75.589221,DHY119,CAMPOS DE PAZ
25/1/2018,07:19:26,6.207424,-75.589221,MVV979,CAMPOS DE PAZ
25/1/2018,12:58:39,6.207424,-75.589221,MSR546,CAMPOS DE PAZ
25/1/2018,15:16:47,6.207424,-75.589221,MNQ464,CAMPOS DE PAZ
25/1/2018,15:26:28,6.207424,-75.589221,KIZ412,CAMPOS DE PAZ
25/1/2018,18:34:38,6.207424,-75.589221,ITX936,CAMPOS DE PAZ
26/1/2018,16:24:14,6.207424,-75.589221,ITX936,CAMPOS DE PAZ
26/1/2018,19:53:30,6.207424,-75.589221,KGV004,CAMPOS DE PAZ
27/1/2018,11:26:15,6.207424,-75.589221,MOK081,CAMPOS DE PAZ
27/1/2018,13:28:24,6.207424,-75.589221,EKK801,CAMPOS DE PAZ
27/1/2018,18:31:52,6.207424,-75.589221,MNP616,CAMPOS DE PAZ
27/1/2018,18:46:46,6.207424,-75.589221,MMV913,CAMPOS DE PAZ
28/1/2018,11:15:12,6.207424,-75.589221,MNP119,CAMPOS DE PAZ
28/1/2018,17:39:39,6.207424,-75.589221,KKK374,CAMPOS DE PAZ
28/1/2018,21:23:43,6.207424,-75.589221,MNA513,CAMPOS DE PAZ
28/1/2018,23:38:50,6.207424,-75.589221,FCV756,CAMPOS DE PAZ
29/1/2018,08:08:01,6.207424,-75.589221,EKO083,CAMPOS DE PAZ
29/1/2018,14:34:56,6.207424,-75.589221,EWX390,CAMPOS DE PAZ
29/1/2018,18:28:37,6.207424,-75.589221,ITX936,CAMPOS DE PAZ
3/2/2018,11:03:26,6.207424,-75.589221,KIX871,CAMPOS DE PAZ
3/2/2018,12:56:52,6.207424,-75.589221,MMV913,CAMPOS DE PAZ
3/2/2018,13:23:14,6.207424,-75.589221,MMX963,CAMPOS DE PAZ
3/2/2018,16:46:14,6.207424,-75.589221,FCK823,CAMPOS DE PAZ
3/2/2018,17:43:47,6.207424,-75.589221,KGV004,CAMPOS DE PAZ
3/2/2018,20:52:13,6.207424,-75.589221,MMV913,CAMPOS DE PAZ
30/1/2018,07:20:05,6.207424,-75.589221,MVV979,CAMPOS DE PAZ
30/1/2018,12:25:11,6.207424,-75.589221,KHG517,CAMPOS DE PAZ
30/1/2018,18:13:54,6.207424,-75.589221,MMS511,CAMPOS DE PAZ
30/1/2018,18:33:57,6.207424,-75.589221,ITX936,CAMPOS DE PAZ
31/1/2018,05:58:19,6.207424,-75.589221,FCV756,CAMPOS DE PAZ
31/1/2018,11:25:02,6.207424,-75.589221,EKK801,CAMPOS DE PAZ
31/1/2018,17:10:21,6.207424,-75.589221,ITX936,CAMPOS DE PAZ
4/2/2018,12:42:40,6.207424,-75.589221,MNN689,CAMPOS DE PAZ
4/2/2018,13:11:15,6.207424,-75.589221,MVV979,CAMPOS DE PAZ
4/2/2018,14:12:56,6.207424,-75.589221,MNP119,CAMPOS DE PAZ
4/2/2018,14:36:34,6.207424,-75.589221,FGS797,CAMPOS DE PAZ
4/2/2018,19:45:34,6.207424,-75.589221,MNP616,CAMPOS DE PAZ
4/2/2018,20:16:25,6.207424,-75.589221,MNN689,CAMPOS DE PAZ
1/2/2018,06:31:00,6.203492,-75.579923,ITX936,CARREFOUR APOLO - PUENTE 4 SUR
1/2/2018,07:52:41,6.203492,-75.579923,MST604,CARREFOUR APOLO - PUENTE 4 SUR
1/2/2018,08:51:26,6.203492,-75.579923,MNL789,CARREFOUR APOLO - PUENTE 4 SUR
1/2/2018,09:34:59,6.203492,-75.579923,FBP847,CARREFOUR APOLO - PUENTE 4 SUR
1/2/2018,10:42:01,6.203492,-75.579923,KHG517,CARREFOUR APOLO - PUENTE 4 SUR
1/2/2018,19:16:52,6.203492,-75.579923,FBX643,CARREFOUR APOLO - PUENTE 4 SUR
2/2/2018,01:19:18,6.203492,-75.579923,MNR255,CARREFOUR APOLO - PUENTE 4 SUR
2/2/2018,05:49:40,6.203492,-75.579923,FAV822,CARREFOUR APOLO - PUENTE 4 SUR
2/2/2018,06:21:57,6.203492,-75.579923,ITX936,CARREFOUR APOLO - PUENTE 4 SUR
2/2/2018,07:35:28,6.203492,-75.579923,MVV979,CARREFOUR APOLO - PUENTE 4 SUR
2/2/2018,12:13:55,6.203492,-75.579923,CKG936,CARREFOUR APOLO - PUENTE 4 SUR
2/2/2018,12:55:11,6.203492,-75.579923,MMA209,CARREFOUR APOLO - PUENTE 4 SUR
2/2/2018,14:58:56,6.203492,-75.579923,MNN689,CARREFOUR APOLO - PUENTE 4 SUR
2/2/2018,15:34:47,6.203492,-75.579923,DHY119,CARREFOUR APOLO - PUENTE 4 SUR
2/2/2018,16:04:22,6.203492,-75.579923,EKW374,CARREFOUR APOLO - PUENTE 4 SUR
2/2/2018,16:04:56,6.203492,-75.579923,ABT037,CARREFOUR APOLO - PUENTE 4 SUR
2/2/2018,19:50:46,6.203492,-75.579923,FAV822,CARREFOUR APOLO - PUENTE 4 SUR
22/1/2018,10:32:42,6.203492,-75.579923,MNJ645,CARREFOUR APOLO - PUENTE 4 SUR
22/1/2018,14:48:06,6.203492,-75.579923,MSO352,CARREFOUR APOLO - PUENTE 4 SUR
22/1/2018,15:58:35,6.203492,-75.579923,MNS161,CARREFOUR APOLO - PUENTE 4 SUR
22/1/2018,16:26:34,6.203492,-75.579923,NAN805,CARREFOUR APOLO - PUENTE 4 SUR
22/1/2018,17:00:31,6.203492,-75.579923,FGJ136,CARREFOUR APOLO - PUENTE 4 SUR
23/1/2018,09:25:54,6.203492,-75.579923,FHJ225,CARREFOUR APOLO - PUENTE 4 SUR
23/1/2018,13:47:59,6.203492,-75.579923,MVV979,CARREFOUR APOLO - PUENTE 4 SUR
23/1/2018,14:03:36,6.203492,-75.579923,EKW374,CARREFOUR APOLO - PUENTE 4 SUR
23/1/2018,15:40:44,6.203492,-75.579923,MFU724,CARREFOUR APOLO - PUENTE 4 SUR
23/1/2018,16:06:56,6.203492,-75.579923,FGU775,CARREFOUR APOLO - PUENTE 4 SUR
24/1/2018,11:52:46,6.203492,-75.579923,FHJ225,CARREFOUR APOLO - PUENTE 4 SUR
24/1/2018,13:05:30,6.203492,-75.579923,MMI835,CARREFOUR APOLO - PUENTE 4 SUR
24/1/2018,15:40:51,6.203492,-75.579923,MMA209,CARREFOUR APOLO - PUENTE 4 SUR
24/1/2018,17:45:41,6.203492,-75.579923,DFW940,CARREFOUR APOLO - PUENTE 4 SUR
24/1/2018,21:28:04,6.203492,-75.579923,KBT964,CARREFOUR APOLO - PUENTE 4 SUR
25/1/2018,12:01:46,6.203492,-75.579923,ITX936,CARREFOUR APOLO - PUENTE 4 SUR
25/1/2018,21:46:45,6.203492,-75.579923,FAV822,CARREFOUR APOLO - PUENTE 4 SUR
25/1/2018,21:55:33,6.203492,-75.579923,KBT964,CARREFOUR APOLO - PUENTE 4 SUR
26/1/2018,05:53:41,6.203492,-75.579923,FGT264,CARREFOUR APOLO - PUENTE 4 SUR
26/1/2018,09:18:24,6.203492,-75.579923,MOP747,CARREFOUR APOLO - PUENTE 4 SUR
26/1/2018,14:23:05,6.203492,-75.579923,MNT890,CARREFOUR APOLO - PUENTE 4 SUR
26/1/2018,16:29:17,6.203492,-75.579923,FCL797,CARREFOUR APOLO - PUENTE 4 SUR
26/1/2018,20:31:52,6.203492,-75.579923,KBT964,CARREFOUR APOLO - PUENTE 4 SUR
27/1/2018,09:23:26,6.203492,-75.579923,MVV979,CARREFOUR APOLO - PUENTE 4 SUR
27/1/2018,11:49:05,6.203492,-75.579923,FGU775,CARREFOUR APOLO - PUENTE 4 SUR
27/1/2018,12:54:22,6.203492,-75.579923,MMQ780,CARREFOUR APOLO - PUENTE 4 SUR
27/1/2018,17:31:38,6.203492,-75.579923,MNS161,CARREFOUR APOLO - PUENTE 4 SUR
27/1/2018,17:35:29,6.203492,-75.579923,MMW494,CARREFOUR APOLO - PUENTE 4 SUR
27/1/2018,19:08:35,6.203492,-75.579923,KBT964,CARREFOUR APOLO - PUENTE 4 SUR
27/1/2018,21:33:04,6.203492,-75.579923,MOX764,CARREFOUR APOLO - PUENTE 4 SUR
27/1/2018,21:58:21,6.203492,-75.579923,ITX936,CARREFOUR APOLO - PUENTE 4 SUR
28/1/2018,10:33:48,6.203492,-75.579923,HFK128,CARREFOUR APOLO - PUENTE 4 SUR
28/1/2018,12:08:33,6.203492,-75.579923,MMV913,CARREFOUR APOLO - PUENTE 4 SUR
28/1/2018,12:24:27,6.203492,-75.579923,LJA075,CARREFOUR APOLO - PUENTE 4 SUR
28/1/2018,12:45:19,6.203492,-75.579923,FAV822,CARREFOUR APOLO - PUENTE 4 SUR
28/1/2018,17:09:12,6.203492,-75.579923,FCL797,CARREFOUR APOLO - PUENTE 4 SUR
29/1/2018,03:48:17,6.203492,-75.579923,AUS273,CARREFOUR APOLO - PUENTE 4 SUR
29/1/2018,11:14:44,6.203492,-75.579923,FHJ225,CARREFOUR APOLO - PUENTE 4 SUR
29/1/2018,13:06:21,6.203492,-75.579923,FBP290,CARREFOUR APOLO - PUENTE 4 SUR
29/1/2018,14:31:13,6.203492,-75.579923,EWX390,CARREFOUR APOLO - PUENTE 4 SUR
29/1/2018,15:04:12,6.203492,-75.579923,MNQ384,CARREFOUR APOLO - PUENTE 4 SUR
29/1/2018,16:44:29,6.203492,-75.579923,FGW001,CARREFOUR APOLO - PUENTE 4 SUR
29/1/2018,17:37:53,6.203492,-75.579923,FBX643,CARREFOUR APOLO - PUENTE 4 SUR
29/1/2018,17:42:44,6.203492,-75.579923,MFU724,CARREFOUR APOLO - PUENTE 4 SUR
29/1/2018,21:07:05,6.203492,-75.579923,KBT964,CARREFOUR APOLO - PUENTE 4 SUR
3/2/2018,06:38:23,6.203492,-75.579923,FAV822,CARREFOUR APOLO - PUENTE 4 SUR
3/2/2018,11:46:55,6.203492,-75.579923,LJA075,CARREFOUR APOLO - PUENTE 4 SUR
3/2/2018,12:14:14,6.203492,-75.579923,MNW799,CARREFOUR APOLO - PUENTE 4 SUR
3/2/2018,12:16:05,6.203492,-75.579923,FHK312,CARREFOUR APOLO - PUENTE 4 SUR
3/2/2018,16:49:20,6.203492,-75.579923,FAV822,CARREFOUR APOLO - PUENTE 4 SUR
3/2/2018,17:46:41,6.203492,-75.579923,HFK128,CARREFOUR APOLO - PUENTE 4 SUR
3/2/2018,18:59:36,6.203492,-75.579923,KHG517,CARREFOUR APOLO - PUENTE 4 SUR
3/2/2018,19:20:42,6.203492,-75.579923,MNW799,CARREFOUR APOLO - PUENTE 4 SUR
3/2/2018,23:54:43,6.203492,-75.579923,MFV141,CARREFOUR APOLO - PUENTE 4 SUR
30/1/2018,10:51:05,6.203492,-75.579923,EKR425,CARREFOUR APOLO - PUENTE 4 SUR
30/1/2018,12:18:19,6.203492,-75.579923,FBP847,CARREFOUR APOLO - PUENTE 4 SUR
30/1/2018,13:56:36,6.203492,-75.579923,KIZ412,CARREFOUR APOLO - PUENTE 4 SUR
30/1/2018,14:04:40,6.203492,-75.579923,EKW374,CARREFOUR APOLO - PUENTE 4 SUR
30/1/2018,15:51:40,6.203492,-75.579923,HFK128,CARREFOUR APOLO - PUENTE 4 SUR
30/1/2018,15:56:45,6.203492,-75.579923,ABT037,CARREFOUR APOLO - PUENTE 4 SUR
30/1/2018,17:13:21,6.203492,-75.579923,MNW799,CARREFOUR APOLO - PUENTE 4 SUR
30/1/2018,17:37:36,6.203492,-75.579923,MSR546,CARREFOUR APOLO - PUENTE 4 SUR
30/1/2018,21:03:08,6.203492,-75.579923,MSR546,CARREFOUR APOLO - PUENTE 4 SUR
31/1/2018,09:21:37,6.203492,-75.579923,EKK801,CARREFOUR APOLO - PUENTE 4 SUR
31/1/2018,10:45:43,6.203492,-75.579923,MNW799,CARREFOUR APOLO - PUENTE 4 SUR
31/1/2018,11:21:47,6.203492,-75.579923,FHJ225,CARREFOUR APOLO - PUENTE 4 SUR
31/1/2018,11:56:28,6.203492,-75.579923,DFY102,CARREFOUR APOLO - PUENTE 4 SUR
31/1/2018,13:56:51,6.203492,-75.579923,FGW001,CARREFOUR APOLO - PUENTE 4 SUR
31/1/2018,15:50:00,6.203492,-75.579923,EKW374,CARREFOUR APOLO - PUENTE 4 SUR
31/1/2018,18:00:34,6.203492,-75.579923,AUS273,CARREFOUR APOLO - PUENTE 4 SUR
4/2/2018,07:33:56,6.203492,-75.579923,MFV141,CARREFOUR APOLO - PUENTE 4 SUR
4/2/2018,14:46:48,6.203492,-75.579923,ABT037,CARREFOUR APOLO - PUENTE 4 SUR
4/2/2018,16:24:10,6.203492,-75.579923,FBP847,CARREFOUR APOLO - PUENTE 4 SUR
4/2/2018,16:27:39,6.203492,-75.579923,FAV822,CARREFOUR APOLO - PUENTE 4 SUR
4/2/2018,17:14:14,6.203492,-75.579923,NAN805,CARREFOUR APOLO - PUENTE 4 SUR
4/2/2018,20:15:32,6.203492,-75.579923,KBV558,CARREFOUR APOLO - PUENTE 4 SUR
1/2/2018,09:34:52,6.276353,-75.573492,MNM244,CEMENTERIO UNIVERSAL
1/2/2018,10:49:11,6.276353,-75.573492,MFV743,CEMENTERIO UNIVERSAL
1/2/2018,11:53:00,6.276353,-75.573492,MNL789,CEMENTERIO UNIVERSAL
1/2/2018,17:11:02,6.276353,-75.573492,MMX927,CEMENTERIO UNIVERSAL
2/2/2018,12:09:18,6.276353,-75.573492,MNM244,CEMENTERIO UNIVERSAL
2/2/2018,19:40:59,6.276353,-75.573492,MMX927,CEMENTERIO UNIVERSAL
22/1/2018,10:30:17,6.276353,-75.573492,CKG936,CEMENTERIO UNIVERSAL
22/1/2018,14:42:18,6.276353,-75.573492,KHO508,CEMENTERIO UNIVERSAL
22/1/2018,16:50:18,6.276353,-75.573492,MST604,CEMENTERIO UNIVERSAL
22/1/2018,18:04:44,6.276353,-75.573492,MMX927,CEMENTERIO UNIVERSAL
23/1/2018,12:18:50,6.276353,-75.573492,EKN739,CEMENTERIO UNIVERSAL
24/1/2018,19:06:38,6.276353,-75.573492,MMX927,CEMENTERIO UNIVERSAL
24/1/2018,19:22:38,6.276353,-75.573492,MFV743,CEMENTERIO UNIVERSAL
25/1/2018,12:35:07,6.276353,-75.573492,CZX878,CEMENTERIO UNIVERSAL
25/1/2018,12:47:10,6.276353,-75.573492,MFV743,CEMENTERIO UNIVERSAL
25/1/2018,15:56:26,6.276353,-75.573492,MFV743,CEMENTERIO UNIVERSAL
25/1/2018,17:32:34,6.276353,-75.573492,MMX927,CEMENTERIO UNIVERSAL
25/1/2018,21:54:31,6.276353,-75.573492,MMX927,CEMENTERIO UNIVERSAL
26/1/2018,19:16:52,6.276353,-75.573492,MMX927,CEMENTERIO UNIVERSAL
28/1/2018,19:41:01,6.276353,-75.573492,MNX897,CEMENTERIO UNIVERSAL
29/1/2018,10:44:52,6.276353,-75.573492,MNM244,CEMENTERIO UNIVERSAL
29/1/2018,18:46:45,6.276353,-75.573492,MMX927,CEMENTERIO UNIVERSAL
29/1/2018,19:51:28,6.276353,-75.573492,LJA075,CEMENTERIO UNIVERSAL
3/2/2018,10:48:48,6.276353,-75.573492,MFV743,CEMENTERIO UNIVERSAL
3/2/2018,17:33:01,6.276353,-75.573492,MFV743,CEMENTERIO UNIVERSAL
30/1/2018,10:14:59,6.276353,-75.573492,MNM244,CEMENTERIO UNIVERSAL
31/1/2018,07:44:51,6.276353,-75.573492,MFV743,CEMENTERIO UNIVERSAL
31/1/2018,15:30:48,6.276353,-75.573492,MNM244,CEMENTERIO UNIVERSAL
31/1/2018,20:26:55,6.276353,-75.573492,MIX544,CEMENTERIO UNIVERSAL
4/2/2018,19:06:45,6.276353,-75.573492,ITX936,CEMENTERIO UNIVERSAL
4/2/2018,19:09:02,6.276353,-75.573492,MNX897,CEMENTERIO UNIVERSAL
1/2/2018,13:11:25,6.215886,-75.552608,MNL789,CHUSCALITO LAS PALMAS
1/2/2018,13:26:02,6.215886,-75.552608,MNL789,CHUSCALITO LAS PALMAS
1/2/2018,17:03:40,6.215886,-75.552608,HFK128,CHUSCALITO LAS PALMAS
1/2/2018,17:05:51,6.215886,-75.552608,FCR687,CHUSCALITO LAS PALMAS
1/2/2018,18:10:24,6.215886,-75.552608,EKM027,CHUSCALITO LAS PALMAS
1/2/2018,20:40:46,6.215886,-75.552608,KHO508,CHUSCALITO LAS PALMAS
1/2/2018,22:07:20,6.215886,-75.552608,KHO508,CHUSCALITO LAS PALMAS
2/2/2018,10:53:39,6.215886,-75.552608,EKR425,CHUSCALITO LAS PALMAS
2/2/2018,20:21:23,6.215886,-75.552608,KHO508,CHUSCALITO LAS PALMAS
22/1/2018,06:41:04,6.215886,-75.552608,KAP313,CHUSCALITO LAS PALMAS
22/1/2018,06:51:44,6.215886,-75.552608,MNO034,CHUSCALITO LAS PALMAS
22/1/2018,07:06:09,6.215886,-75.552608,MNO034,CHUSCALITO LAS PALMAS
22/1/2018,14:26:30,6.215886,-75.552608,MMS511,CHUSCALITO LAS PALMAS
22/1/2018,16:08:15,6.215886,-75.552608,MMS511,CHUSCALITO LAS PALMAS
22/1/2018,17:33:32,6.215886,-75.552608,KAP313,CHUSCALITO LAS PALMAS
23/1/2018,06:44:14,6.215886,-75.552608,MNO034,CHUSCALITO LAS PALMAS
23/1/2018,06:55:41,6.215886,-75.552608,MNO034,CHUSCALITO LAS PALMAS
23/1/2018,09:09:03,6.215886,-75.552608,KAP313,CHUSCALITO LAS PALMAS
23/1/2018,15:04:58,6.215886,-75.552608,MNO034,CHUSCALITO LAS PALMAS
23/1/2018,15:19:29,6.215886,-75.552608,MNO034,CHUSCALITO LAS PALMAS
23/1/2018,15:22:33,6.215886,-75.552608,KAP313,CHUSCALITO LAS PALMAS
23/1/2018,16:40:06,6.215886,-75.552608,FGW001,CHUSCALITO LAS PALMAS
24/1/2018,06:39:07,6.215886,-75.552608,MNO034,CHUSCALITO LAS PALMAS
24/1/2018,09:20:58,6.215886,-75.552608,MOP747,CHUSCALITO LAS PALMAS
24/1/2018,11:54:54,6.215886,-75.552608,RAV695,CHUSCALITO LAS PALMAS
24/1/2018,12:40:21,6.215886,-75.552608,MOP747,CHUSCALITO LAS PALMAS
24/1/2018,14:48:52,6.215886,-75.552608,MNO034,CHUSCALITO LAS PALMAS
24/1/2018,15:17:06,6.215886,-75.552608,MNO034,CHUSCALITO LAS PALMAS
24/1/2018,17:13:12,6.215886,-75.552608,MNO287,CHUSCALITO LAS PALMAS
25/1/2018,06:37:31,6.215886,-75.552608,KAP313,CHUSCALITO LAS PALMAS
25/1/2018,06:48:18,6.215886,-75.552608,MNO034,CHUSCALITO LAS PALMAS
25/1/2018,06:59:28,6.215886,-75.552608,MNO034,CHUSCALITO LAS PALMAS
25/1/2018,16:50:58,6.215886,-75.552608,KAP313,CHUSCALITO LAS PALMAS
25/1/2018,22:19:34,6.215886,-75.552608,MMY239,CHUSCALITO LAS PALMAS
26/1/2018,06:44:13,6.215886,-75.552608,MNO034,CHUSCALITO LAS PALMAS
26/1/2018,06:54:28,6.215886,-75.552608,MNO034,CHUSCALITO LAS PALMAS
26/1/2018,13:28:26,6.215886,-75.552608,MNO034,CHUSCALITO LAS PALMAS
26/1/2018,17:15:10,6.215886,-75.552608,MNO034,CHUSCALITO LAS PALMAS
26/1/2018,18:06:05,6.215886,-75.552608,MNO034,CHUSCALITO LAS PALMAS
27/1/2018,11:45:09,6.215886,-75.552608,MNT201,CHUSCALITO LAS PALMAS
28/1/2018,14:06:31,6.215886,-75.552608,EKK801,CHUSCALITO LAS PALMAS
28/1/2018,17:19:15,6.215886,-75.552608,MSO352,CHUSCALITO LAS PALMAS
29/1/2018,00:11:59,6.215886,-75.552608,KKK660,CHUSCALITO LAS PALMAS
29/1/2018,01:39:03,6.215886,-75.552608,KKK660,CHUSCALITO LAS PALMAS
29/1/2018,06:38:07,6.215886,-75.552608,KAP313,CHUSCALITO LAS PALMAS
29/1/2018,06:46:03,6.215886,-75.552608,MNO034,CHUSCALITO LAS PALMAS
29/1/2018,06:57:37,6.215886,-75.552608,MNO034,CHUSCALITO LAS PALMAS
29/1/2018,14:38:05,6.215886,-75.552608,MNO034,CHUSCALITO LAS PALMAS
29/1/2018,14:59:57,6.215886,-75.552608,MNO034,CHUSCALITO LAS PALMAS
29/1/2018,16:30:52,6.215886,-75.552608,MNA513,CHUSCALITO LAS PALMAS
29/1/2018,17:18:05,6.215886,-75.552608,KAP313,CHUSCALITO LAS PALMAS
29/1/2018,18:15:40,6.215886,-75.552608,FCV756,CHUSCALITO LAS PALMAS
29/1/2018,22:31:40,6.215886,-75.552608,MMX065,CHUSCALITO LAS PALMAS
3/2/2018,19:46:19,6.215886,-75.552608,MSR546,CHUSCALITO LAS PALMAS
3/2/2018,21:42:18,6.215886,-75.552608,MFV743,CHUSCALITO LAS PALMAS
30/1/2018,14:51:35,6.215886,-75.552608,MNO034,CHUSCALITO LAS PALMAS
31/1/2018,06:59:50,6.215886,-75.552608,KAP313,CHUSCALITO LAS PALMAS
31/1/2018,17:26:09,6.215886,-75.552608,KAP313,CHUSCALITO LAS PALMAS
31/1/2018,22:30:51,6.215886,-75.552608,MSR546,CHUSCALITO LAS PALMAS
4/2/2018,16:24:04,6.215886,-75.552608,KIW930,CHUSCALITO LAS PALMAS
4/2/2018,17:54:51,6.215886,-75.552608,MSR546,CHUSCALITO LAS PALMAS
4/2/2018,20:38:39,6.215886,-75.552608,FBX643,CHUSCALITO LAS PALMAS
1/2/2018,11:27:09,6.226848,-75.547851,MNS963,CRISTO REY N-S
2/2/2018,07:03:49,6.226848,-75.547851,MNS963,CRISTO REY N-S
2/2/2018,09:45:05,6.226848,-75.547851,EKV319,CRISTO REY N-S
22/1/2018,07:33:03,6.226848,-75.547851,MNS963,CRISTO REY N-S
22/1/2018,10:24:20,6.226848,-75.547851,MNS963,CRISTO REY N-S
23/1/2018,10:38:35,6.226848,-75.547851,MNS963,CRISTO REY N-S
24/1/2018,07:41:37,6.226848,-75.547851,MNS963,CRISTO REY N-S
24/1/2018,10:43:23,6.226848,-75.547851,MNS963,CRISTO REY N-S
24/1/2018,14:06:38,6.226848,-75.547851,MNS963,CRISTO REY N-S
24/1/2018,20:57:20,6.226848,-75.547851,FGJ136,CRISTO REY N-S
25/1/2018,10:19:39,6.226848,-75.547851,MNS963,CRISTO REY N-S
26/1/2018,07:45:04,6.226848,-75.547851,MNS963,CRISTO REY N-S
26/1/2018,10:42:48,6.226848,-75.547851,MNS963,CRISTO REY N-S
26/1/2018,13:20:40,6.226848,-75.547851,MNS963,CRISTO REY N-S
27/1/2018,19:12:33,6.226848,-75.547851,FGJ136,CRISTO REY N-S
28/1/2018,02:44:54,6.226848,-75.547851,KHG517,CRISTO REY N-S
29/1/2018,07:22:47,6.226848,-75.547851,MNS963,CRISTO REY N-S
29/1/2018,11:24:45,6.226848,-75.547851,MNS963,CRISTO REY N-S
29/1/2018,14:06:43,6.226848,-75.547851,EKV119,CRISTO REY N-S
3/2/2018,12:33:32,6.226848,-75.547851,FAV822,CRISTO REY N-S
30/1/2018,11:24:57,6.226848,-75.547851,MNS963,CRISTO REY N-S
30/1/2018,15:05:55,6.226848,-75.547851,EKV119,CRISTO REY N-S
31/1/2018,11:13:20,6.226848,-75.547851,MNS963,CRISTO REY N-S
4/2/2018,00:55:59,6.226848,-75.547851,KHG517,CRISTO REY N-S
4/2/2018,12:24:23,6.226848,-75.547851,KBT236,CRISTO REY N-S
1/2/2018,08:27:04,6.20657,-75.586131,KBV558,CRISTO REY S-N
1/2/2018,09:54:57,6.20657,-75.586131,FAM813,CRISTO REY S-N
2/2/2018,07:21:02,6.20657,-75.586131,FAV822,CRISTO REY S-N
22/1/2018,11:30:28,6.20657,-75.586131,EKU521,CRISTO REY S-N
22/1/2018,14:20:36,6.20657,-75.586131,MSO352,CRISTO REY S-N
24/1/2018,15:46:33,6.20657,-75.586131,MNS963,CRISTO REY S-N
25/1/2018,09:45:02,6.20657,-75.586131,EKV319,CRISTO REY S-N
26/1/2018,07:10:51,6.20657,-75.586131,FAV822,CRISTO REY S-N
26/1/2018,11:16:59,6.20657,-75.586131,MNR255,CRISTO REY S-N
27/1/2018,13:24:47,6.20657,-75.586131,MMQ780,CRISTO REY S-N
27/1/2018,20:02:44,6.20657,-75.586131,FBP847,CRISTO REY S-N
27/1/2018,22:19:27,6.20657,-75.586131,KHG517,CRISTO REY S-N
28/1/2018,14:48:59,6.20657,-75.586131,RID923,CRISTO REY S-N
28/1/2018,21:06:56,6.20657,-75.586131,FAV822,CRISTO REY S-N
30/1/2018,18:20:50,6.20657,-75.586131,EKK801,CRISTO REY S-N
4/2/2018,12:16:31,6.20657,-75.586131,MNP616,CRISTO REY S-N
4/2/2018,13:44:42,6.20657,-75.586131,KBT236,CRISTO REY S-N
4/2/2018,17:56:33,6.20657,-75.586131,RID923,CRISTO REY S-N
1/2/2018,07:14:35,6.2433,-75.6025,MOY387,DON QUIJOTE
1/2/2018,08:48:16,6.2433,-75.6025,MOP747,DON QUIJOTE
2/2/2018,16:35:49,6.2433,-75.6025,EKR425,DON QUIJOTE
2/2/2018,22:41:12,6.2433,-75.6025,NAN805,DON QUIJOTE
22/1/2018,15:37:28,6.2433,-75.6025,CKG936,DON QUIJOTE
24/1/2018,10:10:05,6.2433,-75.6025,EKK801,DON QUIJOTE
25/1/2018,08:41:45,6.2433,-75.6025,KIW930,DON QUIJOTE
25/1/2018,15:44:46,6.2433,-75.6025,EKR425,DON QUIJOTE
27/1/2018,08:33:16,6.2433,-75.6025,DFY102,DON QUIJOTE
27/1/2018,17:59:57,6.2433,-75.6025,EKR425,DON QUIJOTE
28/1/2018,17:00:48,6.2433,-75.6025,EKV119,DON QUIJOTE
28/1/2018,19:11:00,6.2433,-75.6025,KKK374,DON QUIJOTE
29/1/2018,14:05:13,6.2433,-75.6025,MNP616,DON QUIJOTE
3/2/2018,09:47:17,6.2433,-75.6025,NAN805,DON QUIJOTE
3/2/2018,10:47:48,6.2433,-75.6025,BRR124,DON QUIJOTE
3/2/2018,13:54:22,6.2433,-75.6025,EWZ301,DON QUIJOTE
3/2/2018,17:50:30,6.2433,-75.6025,EKK801,DON QUIJOTE
3/2/2018,22:00:19,6.2433,-75.6025,ELM925,DON QUIJOTE
30/1/2018,06:45:12,6.2433,-75.6025,EKR425,DON QUIJOTE
30/1/2018,12:13:03,6.2433,-75.6025,FGJ136,DON QUIJOTE
30/1/2018,13:46:07,6.2433,-75.6025,MMS511,DON QUIJOTE
30/1/2018,14:31:42,6.2433,-75.6025,EWZ301,DON QUIJOTE
4/2/2018,09:12:31,6.2433,-75.6025,EKK801,DON QUIJOTE
4/2/2018,11:32:55,6.2433,-75.6025,EWX390,DON QUIJOTE
4/2/2018,15:05:46,6.2433,-75.6025,EKV119,DON QUIJOTE
4/2/2018,16:57:12,6.2433,-75.6025,NAN805,DON QUIJOTE
1/2/2018,16:00:33,6.249307,-75.588856,KIX871,EXITO DE LA 70
2/2/2018,09:52:32,6.249307,-75.588856,LJA075,EXITO DE LA 70
2/2/2018,18:51:59,6.249307,-75.588856,FBX643,EXITO DE LA 70
2/2/2018,19:57:59,6.249307,-75.588856,KMR566,EXITO DE LA 70
24/1/2018,20:11:41,6.249307,-75.588856,FBX643,EXITO DE LA 70
25/1/2018,06:49:43,6.249307,-75.588856,ITX936,EXITO DE LA 70
25/1/2018,14:35:39,6.249307,-75.588856,DFY102,EXITO DE LA 70
25/1/2018,16:45:47,6.249307,-75.588856,MNQ464,EXITO DE LA 70
26/1/2018,00:30:00,6.249307,-75.588856,DFW940,EXITO DE LA 70
26/1/2018,08:16:03,6.249307,-75.588856,KMS578,EXITO DE LA 70
26/1/2018,08:40:03,6.249307,-75.588856,FGT684,EXITO DE LA 70
26/1/2018,13:42:15,6.249307,-75.588856,ELL443,EXITO DE LA 70
27/1/2018,09:26:01,6.249307,-75.588856,LJA075,EXITO DE LA 70
27/1/2018,12:14:06,6.249307,-75.588856,FBX643,EXITO DE LA 70
28/1/2018,11:54:27,6.249307,-75.588856,FGT684,EXITO DE LA 70
28/1/2018,18:46:27,6.249307,-75.588856,ITX936,EXITO DE LA 70
28/1/2018,21:52:02,6.249307,-75.588856,LJA075,EXITO DE LA 70
29/1/2018,10:17:54,6.249307,-75.588856,FGT684,EXITO DE LA 70
3/2/2018,15:34:18,6.249307,-75.588856,ITX936,EXITO DE LA 70
3/2/2018,20:50:05,6.249307,-75.588856,FBX643,EXITO DE LA 70
30/1/2018,09:42:30,6.249307,-75.588856,DFY102,EXITO DE LA 70
30/1/2018,19:20:33,6.249307,-75.588856,KIZ412,EXITO DE LA 70
31/1/2018,21:52:02,6.249307,-75.588856,LJA075,EXITO DE LA 70
4/2/2018,11:27:39,6.249307,-75.588856,MNU565,EXITO DE LA 70
4/2/2018,14:29:40,6.249307,-75.588856,MVV979,EXITO DE LA 70
1/2/2018,05:43:12,6.21247,-75.57471,KBT964,EXITO DEL POBLADO
1/2/2018,07:52:19,6.21247,-75.57471,KHS186,EXITO DEL POBLADO
1/2/2018,08:38:41,6.21247,-75.57471,ELM925,EXITO DEL POBLADO
1/2/2018,17:56:30,6.21247,-75.57471,EKM027,EXITO DEL POBLADO
2/2/2018,06:46:19,6.21247,-75.57471,KBT964,EXITO DEL POBLADO
2/2/2018,10:32:09,6.21247,-75.57471,EKM027,EXITO DEL POBLADO
2/2/2018,13:40:23,6.21247,-75.57471,KMR566,EXITO DEL POBLADO
2/2/2018,14:39:31,6.21247,-75.57471,MNT418,EXITO DEL POBLADO
2/2/2018,14:56:59,6.21247,-75.57471,FAU466,EXITO DEL POBLADO
22/1/2018,06:53:30,6.21247,-75.57471,ELM925,EXITO DEL POBLADO
22/1/2018,17:43:22,6.21247,-75.57471,FBX643,EXITO DEL POBLADO
23/1/2018,06:56:36,6.21247,-75.57471,ELM925,EXITO DEL POBLADO
23/1/2018,20:05:10,6.21247,-75.57471,FBX643,EXITO DEL POBLADO
24/1/2018,09:09:19,6.21247,-75.57471,FBX643,EXITO DEL POBLADO
24/1/2018,13:40:17,6.21247,-75.57471,ELM925,EXITO DEL POBLADO
25/1/2018,06:53:44,6.21247,-75.57471,ELM925,EXITO DEL POBLADO
25/1/2018,10:37:52,6.21247,-75.57471,HFK128,EXITO DEL POBLADO
25/1/2018,14:14:21,6.21247,-75.57471,FGU775,EXITO DEL POBLADO
26/1/2018,05:55:53,6.21247,-75.57471,ELM925,EXITO DEL POBLADO
26/1/2018,07:08:56,6.21247,-75.57471,HFK128,EXITO DEL POBLADO
26/1/2018,07:12:00,6.21247,-75.57471,FAV822,EXITO DEL POBLADO
26/1/2018,08:30:45,6.21247,-75.57471,DFW940,EXITO DEL POBLADO
26/1/2018,09:04:20,6.21247,-75.57471,FBX643,EXITO DEL POBLADO
26/1/2018,17:35:38,6.21247,-75.57471,KIZ412,EXITO DEL POBLADO
27/1/2018,01:57:02,6.21247,-75.57471,KIZ412,EXITO DEL POBLADO
27/1/2018,08:22:10,6.21247,-75.57471,FAN580,EXITO DEL POBLADO
27/1/2018,16:45:43,6.21247,-75.57471,FBX643,EXITO DEL POBLADO
27/1/2018,17:01:15,6.21247,-75.57471,FAU466,EXITO DEL POBLADO
27/1/2018,17:04:50,6.21247,-75.57471,RID923,EXITO DEL POBLADO
27/1/2018,18:35:34,6.21247,-75.57471,RID923,EXITO DEL POBLADO
27/1/2018,22:20:52,6.21247,-75.57471,KHG517,EXITO DEL POBLADO
28/1/2018,01:46:44,6.21247,-75.57471,KHG517,EXITO DEL POBLADO
28/1/2018,08:58:43,6.21247,-75.57471,EKK801,EXITO DEL POBLADO
28/1/2018,09:53:39,6.21247,-75.57471,MOX721,EXITO DEL POBLADO
28/1/2018,15:34:46,6.21247,-75.57471,DHY119,EXITO DEL POBLADO
29/1/2018,06:56:04,6.21247,-75.57471,ELM925,EXITO DEL POBLADO
29/1/2018,10:58:43,6.21247,-75.57471,FBX643,EXITO DEL POBLADO
29/1/2018,22:15:59,6.21247,-75.57471,HFK128,EXITO DEL POBLADO
3/2/2018,02:46:04,6.21247,-75.57471,KHG517,EXITO DEL POBLADO
3/2/2018,06:52:45,6.21247,-75.57471,DFW940,EXITO DEL POBLADO
3/2/2018,10:46:19,6.21247,-75.57471,MNS161,EXITO DEL POBLADO
3/2/2018,15:23:23,6.21247,-75.57471,DFW940,EXITO DEL POBLADO
3/2/2018,16:09:36,6.21247,-75.57471,FBX643,EXITO DEL POBLADO
3/2/2018,18:18:21,6.21247,-75.57471,RID923,EXITO DEL POBLADO
3/2/2018,18:45:49,6.21247,-75.57471,HFK128,EXITO DEL POBLADO
3/2/2018,20:57:38,6.21247,-75.57471,FBX643,EXITO DEL POBLADO
30/1/2018,10:09:16,6.21247,-75.57471,MNT201,EXITO DEL POBLADO
30/1/2018,14:54:54,6.21247,-75.57471,MSR546,EXITO DEL POBLADO
31/1/2018,06:16:44,6.21247,-75.57471,DFW940,EXITO DEL POBLADO
31/1/2018,09:26:24,6.21247,-75.57471,BRK342,EXITO DEL POBLADO
31/1/2018,14:38:27,6.21247,-75.57471,ELM925,EXITO DEL POBLADO
31/1/2018,17:01:30,6.21247,-75.57471,DFW940,EXITO DEL POBLADO
31/1/2018,19:14:26,6.21247,-75.57471,DHY119,EXITO DEL POBLADO
4/2/2018,00:19:32,6.21247,-75.57471,KHG517,EXITO DEL POBLADO
4/2/2018,07:02:51,6.21247,-75.57471,DFW940,EXITO DEL POBLADO
4/2/2018,14:28:00,6.21247,-75.57471,RID923,EXITO DEL POBLADO
4/2/2018,18:12:28,6.21247,-75.57471,HEZ600,EXITO DEL POBLADO
1/2/2018,07:03:15,6.235925,-75.575137,EKK801,FABRICA DE LICORES
1/2/2018,17:48:33,6.235925,-75.575137,FCL797,FABRICA DE LICORES
1/2/2018,19:12:34,6.235925,-75.575137,MNS161,FABRICA DE LICORES
1/2/2018,19:14:25,6.235925,-75.575137,MNN689,FABRICA DE LICORES
1/2/2018,21:28:00,6.235925,-75.575137,FGW001,FABRICA DE LICORES
1/2/2018,23:39:50,6.235925,-75.575137,KHG517,FABRICA DE LICORES
2/2/2018,05:48:45,6.235925,-75.575137,FHK060,FABRICA DE LICORES
2/2/2018,22:46:04,6.235925,-75.575137,KIX871,FABRICA DE LICORES
22/1/2018,06:26:48,6.235925,-75.575137,ITX936,FABRICA DE LICORES
22/1/2018,16:29:22,6.235925,-75.575137,MVV979,FABRICA DE LICORES
22/1/2018,17:55:28,6.235925,-75.575137,MSO352,FABRICA DE LICORES
23/1/2018,06:05:27,6.235925,-75.575137,FHK060,FABRICA DE LICORES
23/1/2018,21:07:02,6.235925,-75.575137,CLS506,FABRICA DE LICORES
24/1/2018,05:29:31,6.235925,-75.575137,FHK060,FABRICA DE LICORES
24/1/2018,05:29:49,6.235925,-75.575137,ITX936,FABRICA DE LICORES
24/1/2018,18:25:21,6.235925,-75.575137,MSO352,FABRICA DE LICORES
26/1/2018,05:39:13,6.235925,-75.575137,FHK060,FABRICA DE LICORES
26/1/2018,06:28:14,6.235925,-75.575137,ITX936,FABRICA DE LICORES
26/1/2018,11:47:19,6.235925,-75.575137,MVV979,FABRICA DE LICORES
26/1/2018,13:33:49,6.235925,-75.575137,MNS963,FABRICA DE LICORES
26/1/2018,17:42:03,6.235925,-75.575137,MSO352,FABRICA DE LICORES
27/1/2018,08:57:42,6.235925,-75.575137,MNA513,FABRICA DE LICORES
28/1/2018,09:09:54,6.235925,-75.575137,MNP119,FABRICA DE LICORES
28/1/2018,13:38:07,6.235925,-75.575137,KHG517,FABRICA DE LICORES
28/1/2018,14:47:06,6.235925,-75.575137,MNA513,FABRICA DE LICORES
28/1/2018,21:01:29,6.235925,-75.575137,MNA513,FABRICA DE LICORES
29/1/2018,06:40:13,6.235925,-75.575137,ITX936,FABRICA DE LICORES
29/1/2018,07:56:04,6.235925,-75.575137,EKK801,FABRICA DE LICORES
29/1/2018,07:59:23,6.235925,-75.575137,MNA513,FABRICA DE LICORES
29/1/2018,09:29:18,6.235925,-75.575137,EKO083,FABRICA DE LICORES
29/1/2018,15:08:13,6.235925,-75.575137,EWX390,FABRICA DE LICORES
29/1/2018,17:53:04,6.235925,-75.575137,MSO352,FABRICA DE LICORES
29/1/2018,18:35:29,6.235925,-75.575137,MNO034,FABRICA DE LICORES
3/2/2018,09:26:13,6.235925,-75.575137,FHK060,FABRICA DE LICORES
3/2/2018,14:53:34,6.235925,-75.575137,MMX963,FABRICA DE LICORES
3/2/2018,17:07:43,6.235925,-75.575137,FGW001,FABRICA DE LICORES
3/2/2018,18:00:31,6.235925,-75.575137,KGV004,FABRICA DE LICORES
3/2/2018,20:59:51,6.235925,-75.575137,KKK374,FABRICA DE LICORES
3/2/2018,22:57:49,6.235925,-75.575137,KHG517,FABRICA DE LICORES
30/1/2018,07:51:31,6.235925,-75.575137,MVV979,FABRICA DE LICORES
30/1/2018,14:51:32,6.235925,-75.575137,EKK801,FABRICA DE LICORES
30/1/2018,19:10:18,6.235925,-75.575137,FCK823,FABRICA DE LICORES
31/1/2018,05:32:01,6.235925,-75.575137,FHK060,FABRICA DE LICORES
31/1/2018,06:24:12,6.235925,-75.575137,ITX936,FABRICA DE LICORES
31/1/2018,08:49:00,6.235925,-75.575137,FCV756,FABRICA DE LICORES
31/1/2018,16:33:30,6.235925,-75.575137,KHG517,FABRICA DE LICORES
31/1/2018,17:56:12,6.235925,-75.575137,MSO352,FABRICA DE LICORES
4/2/2018,00:43:07,6.235925,-75.575137,KIX871,FABRICA DE LICORES
4/2/2018,09:09:47,6.235925,-75.575137,MNP119,FABRICA DE LICORES
4/2/2018,14:11:32,6.235925,-75.575137,MNS161,FABRICA DE LICORES
4/2/2018,15:56:41,6.235925,-75.575137,FGS797,FABRICA DE LICORES
4/2/2018,18:41:03,6.235925,-75.575137,MNN689,FABRICA DE LICORES
4/2/2018,21:05:55,6.235925,-75.575137,MNN689,FABRICA DE LICORES
2/2/2018,10:58:36,6.23146,-75.58731,EKK801,FATIMA
2/2/2018,14:35:20,6.23146,-75.58731,MNP119,FATIMA
2/2/2018,16:14:49,6.23146,-75.58731,KMR566,FATIMA
22/1/2018,06:13:59,6.23146,-75.58731,MNP119,FATIMA
22/1/2018,13:51:00,6.23146,-75.58731,MNS963,FATIMA
22/1/2018,16:09:22,6.23146,-75.58731,FCL797,FATIMA
22/1/2018,16:47:45,6.23146,-75.58731,KIZ412,FATIMA
22/1/2018,21:51:19,6.23146,-75.58731,MNP119,FATIMA
23/1/2018,06:30:49,6.23146,-75.58731,MNP119,FATIMA
23/1/2018,07:02:08,6.23146,-75.58731,HFK128,FATIMA
25/1/2018,09:22:56,6.23146,-75.58731,DHY119,FATIMA
26/1/2018,09:10:04,6.23146,-75.58731,FCL797,FATIMA
26/1/2018,18:44:37,6.23146,-75.58731,EKV119,FATIMA
26/1/2018,22:02:57,6.23146,-75.58731,MNP119,FATIMA
27/1/2018,06:27:47,6.23146,-75.58731,MNP119,FATIMA
27/1/2018,19:54:35,6.23146,-75.58731,MOL508,FATIMA
28/1/2018,12:49:34,6.23146,-75.58731,FCL797,FATIMA
28/1/2018,14:18:15,6.23146,-75.58731,EKK801,FATIMA
28/1/2018,18:04:58,6.23146,-75.58731,DHY119,FATIMA
29/1/2018,18:18:07,6.23146,-75.58731,MNO034,FATIMA
3/2/2018,19:45:01,6.23146,-75.58731,MOL508,FATIMA
3/2/2018,22:13:12,6.23146,-75.58731,MNP119,FATIMA
30/1/2018,12:44:34,6.23146,-75.58731,DHY119,FATIMA
30/1/2018,21:58:03,6.23146,-75.58731,MST604,FATIMA
4/2/2018,00:50:21,6.23146,-75.58731,MOL508,FATIMA
4/2/2018,20:02:51,6.23146,-75.58731,DHY119,FATIMA
1/2/2018,08:23:41,6.26146,-75.5642,KBV558,GUAYABAL
1/2/2018,09:32:04,6.26146,-75.5642,MNL789,GUAYABAL
2/2/2018,07:12:00,6.26146,-75.5642,FAV822,GUAYABAL
2/2/2018,12:07:39,6.26146,-75.5642,MNS963,GUAYABAL
2/2/2018,16:20:51,6.26146,-75.5642,EKK801,GUAYABAL
22/1/2018,08:15:04,6.26146,-75.5642,MNS963,GUAYABAL
22/1/2018,09:24:52,6.26146,-75.5642,MSO352,GUAYABAL
22/1/2018,11:09:10,6.26146,-75.5642,MNS963,GUAYABAL
22/1/2018,11:25:27,6.26146,-75.5642,EKU521,GUAYABAL
22/1/2018,15:56:10,6.26146,-75.5642,EWZ301,GUAYABAL
23/1/2018,11:12:51,6.26146,-75.5642,MNS963,GUAYABAL
24/1/2018,08:17:05,6.26146,-75.5642,MNS963,GUAYABAL
24/1/2018,11:15:13,6.26146,-75.5642,MNS963,GUAYABAL
24/1/2018,11:47:03,6.26146,-75.5642,MSO352,GUAYABAL
24/1/2018,15:37:02,6.26146,-75.5642,MNS963,GUAYABAL
24/1/2018,17:03:04,6.26146,-75.5642,EKK801,GUAYABAL
25/1/2018,07:18:55,6.26146,-75.5642,FGU225,GUAYABAL
25/1/2018,18:01:06,6.26146,-75.5642,EKV119,GUAYABAL
26/1/2018,07:04:53,6.26146,-75.5642,FAV822,GUAYABAL
26/1/2018,08:15:15,6.26146,-75.5642,MNS963,GUAYABAL
26/1/2018,10:59:20,6.26146,-75.5642,KIZ412,GUAYABAL
26/1/2018,11:10:47,6.26146,-75.5642,MNS963,GUAYABAL
26/1/2018,11:12:51,6.26146,-75.5642,MNR255,GUAYABAL
26/1/2018,14:06:59,6.26146,-75.5642,MNS963,GUAYABAL
26/1/2018,16:03:29,6.26146,-75.5642,KIZ412,GUAYABAL
27/1/2018,08:20:42,6.26146,-75.5642,FGJ136,GUAYABAL
27/1/2018,10:11:25,6.26146,-75.5642,MFV141,GUAYABAL
28/1/2018,17:33:10,6.26146,-75.5642,KKK374,GUAYABAL
28/1/2018,21:05:06,6.26146,-75.5642,FAV822,GUAYABAL
29/1/2018,06:57:03,6.26146,-75.5642,FGU225,GUAYABAL
29/1/2018,08:12:45,6.26146,-75.5642,MNS963,GUAYABAL
29/1/2018,17:03:24,6.26146,-75.5642,EKV119,GUAYABAL
30/1/2018,06:31:01,6.26146,-75.5642,FGU225,GUAYABAL
30/1/2018,17:45:18,6.26146,-75.5642,MMS511,GUAYABAL
30/1/2018,17:45:44,6.26146,-75.5642,EKV119,GUAYABAL
31/1/2018,07:45:43,6.26146,-75.5642,MNS963,GUAYABAL
31/1/2018,11:59:22,6.26146,-75.5642,MNS963,GUAYABAL
31/1/2018,17:32:58,6.26146,-75.5642,EKV119,GUAYABAL
4/2/2018,12:30:20,6.26146,-75.5642,KBT236,GUAYABAL
1/2/2018,10:13:03,6.259729,-75.58272,FGO667,LA IGUANA
2/2/2018,06:29:09,6.259729,-75.58272,MNT890,LA IGUANA
2/2/2018,09:18:14,6.259729,-75.58272,FAV822,LA IGUANA
22/1/2018,08:20:34,6.259729,-75.58272,BRR124,LA IGUANA
22/1/2018,12:14:45,6.259729,-75.58272,FAW125,LA IGUANA
22/1/2018,19:38:32,6.259729,-75.58272,MSR546,LA IGUANA
23/1/2018,09:35:52,6.259729,-75.58272,MVV979,LA IGUANA
23/1/2018,10:38:25,6.259729,-75.58272,FAW125,LA IGUANA
23/1/2018,15:17:54,6.259729,-75.58272,MNL789,LA IGUANA
23/1/2018,18:59:37,6.259729,-75.58272,MMA209,LA IGUANA
24/1/2018,08:35:49,6.259729,-75.58272,MMX927,LA IGUANA
24/1/2018,09:14:51,6.259729,-75.58272,MOY387,LA IGUANA
24/1/2018,19:02:47,6.259729,-75.58272,MNP616,LA IGUANA
24/1/2018,19:30:56,6.259729,-75.58272,MNL789,LA IGUANA
25/1/2018,09:18:45,6.259729,-75.58272,MOY387,LA IGUANA
25/1/2018,17:10:45,6.259729,-75.58272,MFV743,LA IGUANA
26/1/2018,08:48:50,6.259729,-75.58272,MMX927,LA IGUANA
26/1/2018,09:27:12,6.259729,-75.58272,HFK128,LA IGUANA
26/1/2018,15:04:08,6.259729,-75.58272,FBP847,LA IGUANA
26/1/2018,15:20:46,6.259729,-75.58272,MNL789,LA IGUANA
26/1/2018,15:28:06,6.259729,-75.58272,MMA209,LA IGUANA
26/1/2018,21:41:54,6.259729,-75.58272,EKR425,LA IGUANA
27/1/2018,15:20:32,6.259729,-75.58272,EKV541,LA IGUANA
27/1/2018,15:36:55,6.259729,-75.58272,DFY102,LA IGUANA
28/1/2018,05:28:57,6.259729,-75.58272,MVV979,LA IGUANA
28/1/2018,09:33:08,6.259729,-75.58272,MNT201,LA IGUANA
28/1/2018,11:24:58,6.259729,-75.58272,MMA209,LA IGUANA
29/1/2018,06:34:01,6.259729,-75.58272,MOY387,LA IGUANA
3/2/2018,10:43:50,6.259729,-75.58272,MNW799,LA IGUANA
3/2/2018,21:15:51,6.259729,-75.58272,FAM813,LA IGUANA
30/1/2018,07:28:15,6.259729,-75.58272,MOY387,LA IGUANA
30/1/2018,12:06:04,6.259729,-75.58272,FBP847,LA IGUANA
31/1/2018,09:08:01,6.259729,-75.58272,MOY387,LA IGUANA
31/1/2018,09:12:26,6.259729,-75.58272,MOY387,LA IGUANA
31/1/2018,09:14:59,6.259729,-75.58272,MFV743,LA IGUANA
4/2/2018,22:52:23,6.259729,-75.58272,FAM813,LA IGUANA
1/2/2018,08:07:37,6.2196,-75.599,DHY119,LA MOTA
1/2/2018,13:16:25,6.2196,-75.599,MNS161,LA MOTA
1/2/2018,13:39:17,6.2196,-75.599,MNP616,LA MOTA
1/2/2018,19:04:29,6.2196,-75.599,MNS161,LA MOTA
2/2/2018,22:41:01,6.2196,-75.599,KIX871,LA MOTA
22/1/2018,06:12:21,6.2196,-75.599,ITX936,LA MOTA
23/1/2018,06:22:48,6.2196,-75.599,ITX936,LA MOTA
23/1/2018,08:54:03,6.2196,-75.599,MNL789,LA MOTA
23/1/2018,12:17:05,6.2196,-75.599,MNA513,LA MOTA
23/1/2018,16:42:03,6.2196,-75.599,MNP616,LA MOTA
23/1/2018,17:30:21,6.2196,-75.599,MNS161,LA MOTA
24/1/2018,09:04:32,6.2196,-75.599,MNS963,LA MOTA
24/1/2018,15:45:37,6.2196,-75.599,EKK801,LA MOTA
26/1/2018,06:14:33,6.2196,-75.599,ITX936,LA MOTA
26/1/2018,20:06:14,6.2196,-75.599,KGV004,LA MOTA
27/1/2018,11:09:34,6.2196,-75.599,DHY119,LA MOTA
27/1/2018,22:15:54,6.2196,-75.599,KHG517,LA MOTA
27/1/2018,22:29:44,6.2196,-75.599,MNP616,LA MOTA
28/1/2018,09:05:50,6.2196,-75.599,MNP119,LA MOTA
28/1/2018,11:42:32,6.2196,-75.599,MNP616,LA MOTA
28/1/2018,19:27:35,6.2196,-75.599,MOL508,LA MOTA
29/1/2018,07:47:19,6.2196,-75.599,EKK801,LA MOTA
29/1/2018,14:59:26,6.2196,-75.599,EWX390,LA MOTA
3/2/2018,12:46:12,6.2196,-75.599,EKK801,LA MOTA
3/2/2018,14:06:14,6.2196,-75.599,EWZ301,LA MOTA
3/2/2018,15:17:38,6.2196,-75.599,MNP616,LA MOTA
3/2/2018,17:02:22,6.2196,-75.599,FGW001,LA MOTA
3/2/2018,17:53:06,6.2196,-75.599,KGV004,LA MOTA
3/2/2018,17:57:58,6.2196,-75.599,MOL508,LA MOTA
3/2/2018,19:56:33,6.2196,-75.599,MOL508,LA MOTA
3/2/2018,20:52:48,6.2196,-75.599,KKK374,LA MOTA
30/1/2018,07:35:46,6.2196,-75.599,MVV979,LA MOTA
30/1/2018,12:52:34,6.2196,-75.599,MNS963,LA MOTA
30/1/2018,13:56:06,6.2196,-75.599,MMS511,LA MOTA
30/1/2018,14:31:11,6.2196,-75.599,EKK801,LA MOTA
31/1/2018,06:11:15,6.2196,-75.599,ITX936,LA MOTA
31/1/2018,09:31:08,6.2196,-75.599,MNS963,LA MOTA
31/1/2018,14:58:22,6.2196,-75.599,EKV119,LA MOTA
4/2/2018,00:37:44,6.2196,-75.599,KIX871,LA MOTA
4/2/2018,08:57:09,6.2196,-75.599,MNP119,LA MOTA
4/2/2018,10:50:08,6.2196,-75.599,MOL508,LA MOTA
4/2/2018,11:40:31,6.2196,-75.599,EWX390,LA MOTA
4/2/2018,16:33:55,6.2196,-75.599,EKV119,LA MOTA
4/2/2018,18:31:05,6.2196,-75.599,MNN689,LA MOTA
1/2/2018,07:44:04,6.2202,-75.5665,EKR425,LAS PALMAS
1/2/2018,11:55:42,6.2202,-75.5665,FCV756,LAS PALMAS
1/2/2018,13:06:17,6.2202,-75.5665,MNL789,LAS PALMAS
1/2/2018,13:28:15,6.2202,-75.5665,MSR546,LAS PALMAS
1/2/2018,13:31:08,6.2202,-75.5665,MNL789,LAS PALMAS
1/2/2018,15:53:01,6.2202,-75.5665,MNL789,LAS PALMAS
1/2/2018,16:14:33,6.2202,-75.5665,KIX871,LAS PALMAS
1/2/2018,17:11:40,6.2202,-75.5665,FCR687,LAS PALMAS
1/2/2018,19:18:07,6.2202,-75.5665,DHY119,LAS PALMAS
1/2/2018,20:10:48,6.2202,-75.5665,KHG517,LAS PALMAS
2/2/2018,05:33:18,6.2202,-75.5665,DHY119,LAS PALMAS
2/2/2018,10:58:47,6.2202,-75.5665,EKR425,LAS PALMAS
2/2/2018,15:00:28,6.2202,-75.5665,MSR546,LAS PALMAS
22/1/2018,06:45:48,6.2202,-75.5665,KAP313,LAS PALMAS
22/1/2018,07:10:42,6.2202,-75.5665,MNO034,LAS PALMAS
22/1/2018,10:25:00,6.2202,-75.5665,EKR425,LAS PALMAS
22/1/2018,11:51:25,6.2202,-75.5665,DHY119,LAS PALMAS
22/1/2018,14:16:19,6.2202,-75.5665,KHG517,LAS PALMAS
22/1/2018,14:21:22,6.2202,-75.5665,MMS511,LAS PALMAS
22/1/2018,15:22:32,6.2202,-75.5665,MNQ682,LAS PALMAS
22/1/2018,15:54:11,6.2202,-75.5665,MNO034,LAS PALMAS
22/1/2018,16:14:08,6.2202,-75.5665,MMS511,LAS PALMAS
22/1/2018,17:26:27,6.2202,-75.5665,KAP313,LAS PALMAS
23/1/2018,09:13:48,6.2202,-75.5665,KAP313,LAS PALMAS
23/1/2018,09:48:21,6.2202,-75.5665,MNT201,LAS PALMAS
23/1/2018,15:12:12,6.2202,-75.5665,KAP313,LAS PALMAS
23/1/2018,15:28:58,6.2202,-75.5665,FBX643,LAS PALMAS
23/1/2018,16:06:48,6.2202,-75.5665,MNQ682,LAS PALMAS
23/1/2018,16:34:25,6.2202,-75.5665,FGW001,LAS PALMAS
23/1/2018,16:41:45,6.2202,-75.5665,MMQ845,LAS PALMAS
23/1/2018,17:14:37,6.2202,-75.5665,HFK128,LAS PALMAS
24/1/2018,11:33:49,6.2202,-75.5665,MNT201,LAS PALMAS
24/1/2018,17:01:25,6.2202,-75.5665,MNQ464,LAS PALMAS
24/1/2018,20:21:41,6.2202,-75.5665,FBX643,LAS PALMAS
25/1/2018,06:42:03,6.2202,-75.5665,KAP313,LAS PALMAS
25/1/2018,07:43:21,6.2202,-75.5665,FGU225,LAS PALMAS
25/1/2018,10:20:34,6.2202,-75.5665,FGW001,LAS PALMAS
25/1/2018,16:04:24,6.2202,-75.5665,MNT418,LAS PALMAS
25/1/2018,16:45:31,6.2202,-75.5665,KAP313,LAS PALMAS
26/1/2018,05:20:52,6.2202,-75.5665,DHY119,LAS PALMAS
26/1/2018,10:58:00,6.2202,-75.5665,MMT015,LAS PALMAS
26/1/2018,13:04:00,6.2202,-75.5665,FBX643,LAS PALMAS
26/1/2018,17:03:38,6.2202,-75.5665,HFK128,LAS PALMAS
26/1/2018,18:26:45,6.2202,-75.5665,HFK128,LAS PALMAS
26/1/2018,18:33:52,6.2202,-75.5665,DFW940,LAS PALMAS
26/1/2018,18:56:50,6.2202,-75.5665,FBX643,LAS PALMAS
26/1/2018,23:35:26,6.2202,-75.5665,MOL508,LAS PALMAS
27/1/2018,00:34:02,6.2202,-75.5665,ELL443,LAS PALMAS
27/1/2018,00:36:20,6.2202,-75.5665,ELL443,LAS PALMAS
27/1/2018,12:26:16,6.2202,-75.5665,FBX643,LAS PALMAS
27/1/2018,15:53:02,6.2202,-75.5665,MNQ682,LAS PALMAS
27/1/2018,19:39:29,6.2202,-75.5665,MOL508,LAS PALMAS
27/1/2018,19:46:39,6.2202,-75.5665,MOL508,LAS PALMAS
27/1/2018,19:57:20,6.2202,-75.5665,MNP119,LAS PALMAS
27/1/2018,23:12:36,6.2202,-75.5665,HFK128,LAS PALMAS
28/1/2018,09:39:02,6.2202,-75.5665,MVV979,LAS PALMAS
28/1/2018,11:57:57,6.2202,-75.5665,FCV756,LAS PALMAS
28/1/2018,14:01:53,6.2202,-75.5665,MNQ682,LAS PALMAS
28/1/2018,14:10:51,6.2202,-75.5665,EKK801,LAS PALMAS
28/1/2018,15:41:27,6.2202,-75.5665,MNQ682,LAS PALMAS
29/1/2018,00:08:00,6.2202,-75.5665,KKK660,LAS PALMAS
29/1/2018,01:43:56,6.2202,-75.5665,KKK660,LAS PALMAS
29/1/2018,05:47:26,6.2202,-75.5665,DHY119,LAS PALMAS
29/1/2018,06:43:04,6.2202,-75.5665,KAP313,LAS PALMAS
29/1/2018,06:53:20,6.2202,-75.5665,EKY965,LAS PALMAS
29/1/2018,07:18:19,6.2202,-75.5665,FGU225,LAS PALMAS
29/1/2018,07:20:05,6.2202,-75.5665,EKY965,LAS PALMAS
29/1/2018,08:35:41,6.2202,-75.5665,EKY965,LAS PALMAS
29/1/2018,14:44:29,6.2202,-75.5665,MNT201,LAS PALMAS
29/1/2018,16:35:18,6.2202,-75.5665,MNA513,LAS PALMAS
29/1/2018,17:11:54,6.2202,-75.5665,KAP313,LAS PALMAS
29/1/2018,17:18:03,6.2202,-75.5665,MNQ464,LAS PALMAS
3/2/2018,08:16:19,6.2202,-75.5665,MNT201,LAS PALMAS
3/2/2018,09:10:42,6.2202,-75.5665,MNT201,LAS PALMAS
3/2/2018,11:08:31,6.2202,-75.5665,MSR546,LAS PALMAS
3/2/2018,13:29:17,6.2202,-75.5665,FCK823,LAS PALMAS
3/2/2018,14:35:33,6.2202,-75.5665,MSR546,LAS PALMAS
3/2/2018,15:56:50,6.2202,-75.5665,MNQ682,LAS PALMAS
3/2/2018,16:14:32,6.2202,-75.5665,MSR546,LAS PALMAS
3/2/2018,16:14:52,6.2202,-75.5665,DFW940,LAS PALMAS
3/2/2018,21:37:44,6.2202,-75.5665,MFV743,LAS PALMAS
3/2/2018,23:16:36,6.2202,-75.5665,MFV743,LAS PALMAS
30/1/2018,08:48:35,6.2202,-75.5665,FCV756,LAS PALMAS
30/1/2018,12:52:24,6.2202,-75.5665,FCV756,LAS PALMAS
30/1/2018,15:47:15,6.2202,-75.5665,FBX643,LAS PALMAS
30/1/2018,17:04:37,6.2202,-75.5665,FBX643,LAS PALMAS
30/1/2018,17:53:47,6.2202,-75.5665,HEX969,LAS PALMAS
30/1/2018,18:56:57,6.2202,-75.5665,DHY119,LAS PALMAS
31/1/2018,07:05:42,6.2202,-75.5665,KAP313,LAS PALMAS
31/1/2018,11:17:45,6.2202,-75.5665,EKY965,LAS PALMAS
31/1/2018,11:58:47,6.2202,-75.5665,MNL789,LAS PALMAS
31/1/2018,15:59:13,6.2202,-75.5665,MNQ682,LAS PALMAS
31/1/2018,17:19:49,6.2202,-75.5665,KAP313,LAS PALMAS
31/1/2018,17:58:38,6.2202,-75.5665,FGT684,LAS PALMAS
31/1/2018,18:13:42,6.2202,-75.5665,KIX871,LAS PALMAS
31/1/2018,20:50:25,6.2202,-75.5665,MOP747,LAS PALMAS
4/2/2018,07:15:54,6.2202,-75.5665,DFW940,LAS PALMAS
4/2/2018,14:07:46,6.2202,-75.5665,DFW940,LAS PALMAS
4/2/2018,15:03:43,6.2202,-75.5665,FGW001,LAS PALMAS
4/2/2018,15:48:52,6.2202,-75.5665,MNQ682,LAS PALMAS
4/2/2018,16:29:46,6.2202,-75.5665,KIW930,LAS PALMAS
4/2/2018,17:49:26,6.2202,-75.5665,MSR546,LAS PALMAS
1/2/2018,15:14:45,6.235925,-75.575137,MNR255,MEDITERRANEO
1/2/2018,18:55:29,6.235925,-75.575137,BRR124,MEDITERRANEO
1/2/2018,19:35:21,6.235925,-75.575137,MNU565,MEDITERRANEO
2/2/2018,06:48:33,6.235925,-75.575137,MNU565,MEDITERRANEO
23/1/2018,06:52:35,6.235925,-75.575137,MNU565,MEDITERRANEO
23/1/2018,07:34:42,6.235925,-75.575137,EKP710,MEDITERRANEO
23/1/2018,09:30:55,6.235925,-75.575137,MVV979,MEDITERRANEO
23/1/2018,09:38:01,6.235925,-75.575137,MNL789,MEDITERRANEO
23/1/2018,13:27:33,6.235925,-75.575137,MVV979,MEDITERRANEO
23/1/2018,13:27:42,6.235925,-75.575137,MNT201,MEDITERRANEO
23/1/2018,14:44:14,6.235925,-75.575137,MNL789,MEDITERRANEO
23/1/2018,19:07:55,6.235925,-75.575137,MST604,MEDITERRANEO
24/1/2018,07:38:04,6.235925,-75.575137,MNU565,MEDITERRANEO
24/1/2018,13:16:09,6.235925,-75.575137,MNU565,MEDITERRANEO
24/1/2018,16:42:31,6.235925,-75.575137,CKG936,MEDITERRANEO
24/1/2018,18:28:20,6.235925,-75.575137,MST604,MEDITERRANEO
24/1/2018,19:28:16,6.235925,-75.575137,MNL789,MEDITERRANEO
25/1/2018,07:24:13,6.235925,-75.575137,MNU565,MEDITERRANEO
25/1/2018,14:30:02,6.235925,-75.575137,KIW930,MEDITERRANEO
25/1/2018,19:13:23,6.235925,-75.575137,MST604,MEDITERRANEO
26/1/2018,06:52:33,6.235925,-75.575137,MNU565,MEDITERRANEO
26/1/2018,14:18:18,6.235925,-75.575137,MNL789,MEDITERRANEO
27/1/2018,20:26:23,6.235925,-75.575137,EKR425,MEDITERRANEO
28/1/2018,02:13:11,6.235925,-75.575137,FBP290,MEDITERRANEO
28/1/2018,22:45:09,6.235925,-75.575137,EKU521,MEDITERRANEO
29/1/2018,07:36:56,6.235925,-75.575137,MNU565,MEDITERRANEO
29/1/2018,18:59:59,6.235925,-75.575137,MST604,MEDITERRANEO
3/2/2018,12:29:56,6.235925,-75.575137,MNU565,MEDITERRANEO
3/2/2018,13:39:59,6.235925,-75.575137,BRR124,MEDITERRANEO
3/2/2018,15:36:54,6.235925,-75.575137,ELM925,MEDITERRANEO
3/2/2018,19:13:12,6.235925,-75.575137,FAM813,MEDITERRANEO
3/2/2018,23:10:18,6.235925,-75.575137,ELM925,MEDITERRANEO
30/1/2018,13:21:08,6.235925,-75.575137,FAV822,MEDITERRANEO
30/1/2018,19:07:11,6.235925,-75.575137,MST604,MEDITERRANEO
31/1/2018,09:54:29,6.235925,-75.575137,DFY102,MEDITERRANEO
31/1/2018,12:31:57,6.235925,-75.575137,KIX871,MEDITERRANEO
31/1/2018,13:41:22,6.235925,-75.575137,FBP290,MEDITERRANEO
31/1/2018,17:00:10,6.235925,-75.575137,FBP290,MEDITERRANEO
31/1/2018,18:10:22,6.235925,-75.575137,MST604,MEDITERRANEO
4/2/2018,08:04:08,6.235925,-75.575137,EKK801,MEDITERRANEO
4/2/2018,15:47:20,6.235925,-75.575137,ITX936,MEDITERRANEO
4/2/2018,17:58:30,6.235925,-75.575137,BRR124,MEDITERRANEO
4/2/2018,20:21:30,6.235925,-75.575137,KKK374,MEDITERRANEO
22/1/2018,08:21:14,6.25799,-75.57215,DFY102,MINORISTA
22/1/2018,13:48:11,6.25799,-75.57215,FBP847,MINORISTA
23/1/2018,09:06:25,6.25799,-75.57215,DFY102,MINORISTA
24/1/2018,07:18:26,6.25799,-75.57215,DFY102,MINORISTA
24/1/2018,10:08:02,6.25799,-75.57215,DFY102,MINORISTA
25/1/2018,08:00:15,6.25799,-75.57215,MMX927,MINORISTA
26/1/2018,07:33:46,6.25799,-75.57215,DFY102,MINORISTA
26/1/2018,18:35:00,6.25799,-75.57215,MVV979,MINORISTA
27/1/2018,05:05:00,6.25799,-75.57215,MST604,MINORISTA
27/1/2018,12:45:15,6.25799,-75.57215,FBP847,MINORISTA
28/1/2018,11:28:33,6.25799,-75.57215,MMA209,MINORISTA
1/2/2018,05:45:27,6.2098,-75.5682,KBT964,MONDONGOS
1/2/2018,07:55:44,6.2098,-75.5682,KHS186,MONDONGOS
1/2/2018,16:09:58,6.2098,-75.5682,MNQ682,MONDONGOS
1/2/2018,17:40:47,6.2098,-75.5682,FAV822,MONDONGOS
2/2/2018,16:13:53,6.2098,-75.5682,MNQ682,MONDONGOS
2/2/2018,23:14:47,6.2098,-75.5682,MFU724,MONDONGOS
22/1/2018,14:44:22,6.2098,-75.5682,MNQ682,MONDONGOS
23/1/2018,16:17:28,6.2098,-75.5682,MNQ682,MONDONGOS
24/1/2018,14:39:16,6.2098,-75.5682,FCK823,MONDONGOS
25/1/2018,14:20:32,6.2098,-75.5682,FGU775,MONDONGOS
25/1/2018,16:17:29,6.2098,-75.5682,MNQ682,MONDONGOS
25/1/2018,21:07:46,6.2098,-75.5682,FGU775,MONDONGOS
26/1/2018,07:15:54,6.2098,-75.5682,FAV822,MONDONGOS
26/1/2018,08:35:11,6.2098,-75.5682,DFW940,MONDONGOS
26/1/2018,09:58:42,6.2098,-75.5682,MNQ682,MONDONGOS
26/1/2018,16:41:39,6.2098,-75.5682,MNQ682,MONDONGOS
27/1/2018,09:51:54,6.2098,-75.5682,HFK128,MONDONGOS
27/1/2018,16:07:40,6.2098,-75.5682,MNQ682,MONDONGOS
27/1/2018,17:06:13,6.2098,-75.5682,FAU466,MONDONGOS
27/1/2018,17:08:51,6.2098,-75.5682,RID923,MONDONGOS
28/1/2018,09:02:48,6.2098,-75.5682,EKK801,MONDONGOS
28/1/2018,09:57:39,6.2098,-75.5682,MOX721,MONDONGOS
28/1/2018,15:38:52,6.2098,-75.5682,DHY119,MONDONGOS
28/1/2018,15:57:38,6.2098,-75.5682,MNQ682,MONDONGOS
28/1/2018,17:16:28,6.2098,-75.5682,KMS578,MONDONGOS
29/1/2018,10:37:30,6.2098,-75.5682,FGT684,MONDONGOS
3/2/2018,06:54:10,6.2098,-75.5682,DFW940,MONDONGOS
3/2/2018,07:43:33,6.2098,-75.5682,FAV822,MONDONGOS
3/2/2018,15:28:23,6.2098,-75.5682,DFW940,MONDONGOS
3/2/2018,16:01:55,6.2098,-75.5682,MNQ682,MONDONGOS
3/2/2018,16:30:37,6.2098,-75.5682,FCL797,MONDONGOS
3/2/2018,17:54:57,6.2098,-75.5682,MNP119,MONDONGOS
3/2/2018,18:22:12,6.2098,-75.5682,RID923,MONDONGOS
3/2/2018,21:02:35,6.2098,-75.5682,FBX643,MONDONGOS
3/2/2018,21:40:32,6.2098,-75.5682,KIX871,MONDONGOS
30/1/2018,06:52:15,6.2098,-75.5682,DFW940,MONDONGOS
30/1/2018,14:34:05,6.2098,-75.5682,KGV004,MONDONGOS
30/1/2018,16:09:53,6.2098,-75.5682,MNQ682,MONDONGOS
30/1/2018,16:15:42,6.2098,-75.5682,MNQ682,MONDONGOS
30/1/2018,19:29:39,6.2098,-75.5682,FAV822,MONDONGOS
31/1/2018,11:40:17,6.2098,-75.5682,MNL789,MONDONGOS
31/1/2018,16:05:42,6.2098,-75.5682,MNQ682,MONDONGOS
31/1/2018,17:08:08,6.2098,-75.5682,DFW940,MONDONGOS
31/1/2018,19:20:15,6.2098,-75.5682,DHY119,MONDONGOS
4/2/2018,07:05:30,6.2098,-75.5682,DFW940,MONDONGOS
4/2/2018,16:01:19,6.2098,-75.5682,MNQ682,MONDONGOS
1/2/2018,07:58:50,6.261484,-75.556477,ELM925,PALOS VERDES
24/1/2018,06:54:20,6.261484,-75.556477,EKK801,PALOS VERDES
25/1/2018,16:56:18,6.261484,-75.556477,KKK660,PALOS VERDES
28/1/2018,17:39:00,6.261484,-75.556477,FCV756,PALOS VERDES
29/1/2018,02:15:15,6.261484,-75.556477,KKK660,PALOS VERDES
3/2/2018,13:06:50,6.261484,-75.556477,KIZ946,PALOS VERDES
3/2/2018,14:05:02,6.261484,-75.556477,KIZ946,PALOS VERDES
30/1/2018,07:40:30,6.261484,-75.556477,FCR687,PALOS VERDES
4/2/2018,12:30:17,6.261484,-75.556477,DFY102,PALOS VERDES
4/2/2018,13:14:11,6.261484,-75.556477,CXA324,PALOS VERDES
2/2/2018,04:31:34,6.289417,-75.570327,MST604,PARQUE JUANES
2/2/2018,06:09:04,6.289417,-75.570327,MNT890,PARQUE JUANES
22/1/2018,14:38:39,6.289417,-75.570327,KHO508,PARQUE JUANES
22/1/2018,16:47:04,6.289417,-75.570327,MST604,PARQUE JUANES
23/1/2018,12:16:25,6.289417,-75.570327,EKN739,PARQUE JUANES
24/1/2018,08:40:30,6.289417,-75.570327,KMR566,PARQUE JUANES
25/1/2018,12:32:39,6.289417,-75.570327,CZX878,PARQUE JUANES
27/1/2018,13:56:35,6.289417,-75.570327,EKN739,PARQUE JUANES
28/1/2018,19:37:19,6.289417,-75.570327,MNX897,PARQUE JUANES
29/1/2018,19:48:37,6.289417,-75.570327,LJA075,PARQUE JUANES
3/2/2018,14:06:51,6.289417,-75.570327,EKN739,PARQUE JUANES
3/2/2018,14:39:13,6.289417,-75.570327,MNT890,PARQUE JUANES
3/2/2018,17:41:06,6.289417,-75.570327,EKN739,PARQUE JUANES
30/1/2018,16:04:44,6.289417,-75.570327,MNM244,PARQUE JUANES
31/1/2018,15:28:22,6.289417,-75.570327,MNM244,PARQUE JUANES
31/1/2018,20:23:31,6.289417,-75.570327,MIX544,PARQUE JUANES
4/2/2018,19:06:22,6.289417,-75.570327,MNX897,PARQUE JUANES
1/2/2018,05:06:58,6.229086,-75.571518,MNU565,PREMIUM PLAZA
1/2/2018,11:28:51,6.229086,-75.571518,KIX871,PREMIUM PLAZA
1/2/2018,19:27:08,6.229086,-75.571518,MSR546,PREMIUM PLAZA
2/2/2018,09:01:14,6.229086,-75.571518,HFK128,PREMIUM PLAZA
2/2/2018,17:36:55,6.229086,-75.571518,BRK342,PREMIUM PLAZA
2/2/2018,17:51:07,6.229086,-75.571518,HFK128,PREMIUM PLAZA
2/2/2018,19:31:11,6.229086,-75.571518,FBP847,PREMIUM PLAZA
2/2/2018,19:54:56,6.229086,-75.571518,MSR546,PREMIUM PLAZA
22/1/2018,07:14:49,6.229086,-75.571518,MNO034,PREMIUM PLAZA
22/1/2018,13:42:32,6.229086,-75.571518,MNS963,PREMIUM PLAZA
22/1/2018,14:28:43,6.229086,-75.571518,MNO034,PREMIUM PLAZA
22/1/2018,15:10:35,6.229086,-75.571518,HFK128,PREMIUM PLAZA
22/1/2018,15:38:21,6.229086,-75.571518,HFK128,PREMIUM PLAZA
22/1/2018,16:00:24,6.229086,-75.571518,FCL797,PREMIUM PLAZA
23/1/2018,06:58:50,6.229086,-75.571518,HFK128,PREMIUM PLAZA
23/1/2018,09:02:53,6.229086,-75.571518,MNO034,PREMIUM PLAZA
24/1/2018,08:56:56,6.229086,-75.571518,HFK128,PREMIUM PLAZA
24/1/2018,10:34:55,6.229086,-75.571518,MNA513,PREMIUM PLAZA
24/1/2018,16:46:28,6.229086,-75.571518,ITX936,PREMIUM PLAZA
25/1/2018,08:18:48,6.229086,-75.571518,HFK128,PREMIUM PLAZA
25/1/2018,12:46:49,6.229086,-75.571518,HFK128,PREMIUM PLAZA
25/1/2018,16:16:42,6.229086,-75.571518,MNO034,PREMIUM PLAZA
26/1/2018,08:54:47,6.229086,-75.571518,DXX951,PREMIUM PLAZA
26/1/2018,11:50:39,6.229086,-75.571518,FCL797,PREMIUM PLAZA
27/1/2018,03:13:04,6.229086,-75.571518,ELL443,PREMIUM PLAZA
27/1/2018,08:04:53,6.229086,-75.571518,HFK128,PREMIUM PLAZA
27/1/2018,10:47:20,6.229086,-75.571518,HFK128,PREMIUM PLAZA
27/1/2018,19:50:54,6.229086,-75.571518,MOL508,PREMIUM PLAZA
28/1/2018,10:29:16,6.229086,-75.571518,HFK128,PREMIUM PLAZA
28/1/2018,14:15:02,6.229086,-75.571518,EKK801,PREMIUM PLAZA
28/1/2018,18:00:57,6.229086,-75.571518,DHY119,PREMIUM PLAZA
28/1/2018,19:11:19,6.229086,-75.571518,MOL508,PREMIUM PLAZA
29/1/2018,09:40:53,6.229086,-75.571518,HFK128,PREMIUM PLAZA
29/1/2018,17:43:07,6.229086,-75.571518,MNO034,PREMIUM PLAZA
3/2/2018,11:57:23,6.229086,-75.571518,MSR546,PREMIUM PLAZA
3/2/2018,12:03:13,6.229086,-75.571518,HFK128,PREMIUM PLAZA
30/1/2018,10:42:56,6.229086,-75.571518,MNQ682,PREMIUM PLAZA
30/1/2018,17:09:36,6.229086,-75.571518,MSR546,PREMIUM PLAZA
31/1/2018,08:51:04,6.229086,-75.571518,HFK128,PREMIUM PLAZA
31/1/2018,14:06:48,6.229086,-75.571518,MNS963,PREMIUM PLAZA
31/1/2018,17:51:13,6.229086,-75.571518,AUS273,PREMIUM PLAZA
4/2/2018,00:48:56,6.229086,-75.571518,KHG517,PREMIUM PLAZA
4/2/2018,19:58:52,6.229086,-75.571518,DHY119,PREMIUM PLAZA
1/2/2018,11:03:27,6.25605,-75.58114,EKV319,SAUCES
1/2/2018,15:11:25,6.25605,-75.58114,KIX871,SAUCES
2/2/2018,09:31:12,6.25605,-75.58114,EKV319,SAUCES
2/2/2018,09:33:06,6.25605,-75.58114,KIW930,SAUCES
2/2/2018,09:39:20,6.25605,-75.58114,FAN580,SAUCES
2/2/2018,17:49:14,6.25605,-75.58114,FAN580,SAUCES
22/1/2018,13:27:08,6.25605,-75.58114,KHS186,SAUCES
23/1/2018,10:48:45,6.25605,-75.58114,MNL789,SAUCES
23/1/2018,11:18:55,6.25605,-75.58114,KGV004,SAUCES
23/1/2018,11:23:04,6.25605,-75.58114,MOP247,SAUCES
23/1/2018,12:08:34,6.25605,-75.58114,MST604,SAUCES
23/1/2018,12:39:05,6.25605,-75.58114,KHS186,SAUCES
23/1/2018,14:13:20,6.25605,-75.58114,DFY102,SAUCES
24/1/2018,15:56:35,6.25605,-75.58114,DFY102,SAUCES
24/1/2018,17:33:10,6.25605,-75.58114,EKW374,SAUCES
25/1/2018,08:21:19,6.25605,-75.58114,MVV979,SAUCES
25/1/2018,08:58:48,6.25605,-75.58114,EKV319,SAUCES
25/1/2018,14:05:29,6.25605,-75.58114,EKV319,SAUCES
26/1/2018,11:00:58,6.25605,-75.58114,EKU521,SAUCES
26/1/2018,11:02:57,6.25605,-75.58114,FHK312,SAUCES
26/1/2018,11:34:59,6.25605,-75.58114,EKV319,SAUCES
26/1/2018,12:10:43,6.25605,-75.58114,MMW494,SAUCES
26/1/2018,14:13:26,6.25605,-75.58114,EKV319,SAUCES
26/1/2018,15:17:28,6.25605,-75.58114,CKG936,SAUCES
27/1/2018,08:05:20,6.25605,-75.58114,MVV979,SAUCES
27/1/2018,11:10:55,6.25605,-75.58114,DFY102,SAUCES
27/1/2018,12:41:03,6.25605,-75.58114,FBP847,SAUCES
27/1/2018,12:45:20,6.25605,-75.58114,MMQ780,SAUCES
27/1/2018,18:57:29,6.25605,-75.58114,FAV822,SAUCES
28/1/2018,18:19:25,6.25605,-75.58114,EKU521,SAUCES
29/1/2018,12:23:20,6.25605,-75.58114,KHS186,SAUCES
29/1/2018,18:07:04,6.25605,-75.58114,MMW494,SAUCES
3/2/2018,06:31:22,6.25605,-75.58114,FAV822,SAUCES
3/2/2018,13:39:04,6.25605,-75.58114,FAW125,SAUCES
3/2/2018,20:41:45,6.25605,-75.58114,KHG517,SAUCES
30/1/2018,11:37:33,6.25605,-75.58114,MOP247,SAUCES
30/1/2018,12:27:25,6.25605,-75.58114,KHS186,SAUCES
30/1/2018,12:37:35,6.25605,-75.58114,FGJ136,SAUCES
30/1/2018,15:11:15,6.25605,-75.58114,DFY102,SAUCES
30/1/2018,16:44:56,6.25605,-75.58114,FBP847,SAUCES
30/1/2018,19:55:18,6.25605,-75.58114,EKU521,SAUCES
31/1/2018,08:33:04,6.25605,-75.58114,KIW930,SAUCES
31/1/2018,14:41:29,6.25605,-75.58114,KHS186,SAUCES
31/1/2018,15:05:06,6.25605,-75.58114,KHG517,SAUCES
31/1/2018,15:09:35,6.25605,-75.58114,EKV319,SAUCES
31/1/2018,16:01:25,6.25605,-75.58114,HEX969,SAUCES
31/1/2018,17:17:00,6.25605,-75.58114,MFV743,SAUCES
31/1/2018,17:25:11,6.25605,-75.58114,KIX871,SAUCES
31/1/2018,19:42:57,6.25605,-75.58114,MMQ780,SAUCES
4/2/2018,13:34:55,6.25605,-75.58114,KIW930,SAUCES
1/2/2018,08:28:43,6.22,-75.57676,MST604,SERVIENTREGA - D
1/2/2018,09:48:23,6.22,-75.57676,EKW374,SERVIENTREGA - D
1/2/2018,11:00:13,6.22,-75.57676,AUS273,SERVIENTREGA - D
1/2/2018,11:58:24,6.22,-75.57676,KIZ412,SERVIENTREGA - D
1/2/2018,14:06:27,6.22,-75.57676,FBP847,SERVIENTREGA - D
1/2/2018,15:18:41,6.22,-75.57676,MMW494,SERVIENTREGA - D
1/2/2018,17:05:46,6.22,-75.57676,MOP747,SERVIENTREGA - D
1/2/2018,22:18:12,6.22,-75.57676,EKR425,SERVIENTREGA - D
1/2/2018,22:21:04,6.22,-75.57676,EKU521,SERVIENTREGA - D
2/2/2018,07:45:29,6.22,-75.57676,MNT890,SERVIENTREGA - D
2/2/2018,10:50:01,6.22,-75.57676,KBT964,SERVIENTREGA - D
2/2/2018,10:52:54,6.22,-75.57676,EKW374,SERVIENTREGA - D
2/2/2018,13:42:02,6.22,-75.57676,FAU466,SERVIENTREGA - D
2/2/2018,15:58:31,6.22,-75.57676,KMR566,SERVIENTREGA - D
2/2/2018,20:27:37,6.22,-75.57676,FBP847,SERVIENTREGA - D
2/2/2018,21:57:36,6.22,-75.57676,KHG517,SERVIENTREGA - D
2/2/2018,22:17:14,6.22,-75.57676,EKR425,SERVIENTREGA - D
22/1/2018,09:57:46,6.22,-75.57676,KIZ412,SERVIENTREGA - D
22/1/2018,11:44:16,6.22,-75.57676,EKW374,SERVIENTREGA - D
22/1/2018,13:42:04,6.22,-75.57676,FBP847,SERVIENTREGA - D
22/1/2018,14:58:44,6.22,-75.57676,ITX936,SERVIENTREGA - D
22/1/2018,15:34:27,6.22,-75.57676,EKR425,SERVIENTREGA - D
22/1/2018,17:55:30,6.22,-75.57676,MOP747,SERVIENTREGA - D
22/1/2018,18:26:35,6.22,-75.57676,MSR546,SERVIENTREGA - D
22/1/2018,23:42:34,6.22,-75.57676,EKR425,SERVIENTREGA - D
23/1/2018,11:08:48,6.22,-75.57676,KIZ412,SERVIENTREGA - D
23/1/2018,11:49:27,6.22,-75.57676,EKW374,SERVIENTREGA - D
23/1/2018,15:24:12,6.22,-75.57676,FGW001,SERVIENTREGA - D
23/1/2018,17:08:18,6.22,-75.57676,FBX643,SERVIENTREGA - D
23/1/2018,19:31:51,6.22,-75.57676,DFW940,SERVIENTREGA - D
23/1/2018,20:02:49,6.22,-75.57676,KIZ412,SERVIENTREGA - D
23/1/2018,22:26:22,6.22,-75.57676,EKR425,SERVIENTREGA - D
24/1/2018,11:48:42,6.22,-75.57676,EKW374,SERVIENTREGA - D
24/1/2018,17:11:57,6.22,-75.57676,MOP747,SERVIENTREGA - D
24/1/2018,17:46:03,6.22,-75.57676,KIZ412,SERVIENTREGA - D
24/1/2018,21:07:04,6.22,-75.57676,KBT964,SERVIENTREGA - D
24/1/2018,22:23:04,6.22,-75.57676,EKR425,SERVIENTREGA - D
25/1/2018,09:27:11,6.22,-75.57676,KIW930,SERVIENTREGA - D
25/1/2018,09:44:21,6.22,-75.57676,EKW374,SERVIENTREGA - D
25/1/2018,17:30:30,6.22,-75.57676,MOP747,SERVIENTREGA - D
25/1/2018,20:10:16,6.22,-75.57676,MNM711,SERVIENTREGA - D
25/1/2018,21:34:45,6.22,-75.57676,KBT964,SERVIENTREGA - D
25/1/2018,21:48:32,6.22,-75.57676,EKR425,SERVIENTREGA - D
26/1/2018,08:45:41,6.22,-75.57676,MNM711,SERVIENTREGA - D
26/1/2018,09:03:57,6.22,-75.57676,FCL797,SERVIENTREGA - D
26/1/2018,09:07:11,6.22,-75.57676,DFW940,SERVIENTREGA - D
26/1/2018,09:16:09,6.22,-75.57676,MVV979,SERVIENTREGA - D
26/1/2018,11:01:13,6.22,-75.57676,FGU775,SERVIENTREGA - D
26/1/2018,11:10:01,6.22,-75.57676,DXX951,SERVIENTREGA - D
26/1/2018,11:44:19,6.22,-75.57676,EKW374,SERVIENTREGA - D
26/1/2018,13:41:59,6.22,-75.57676,FGT684,SERVIENTREGA - D
26/1/2018,13:58:15,6.22,-75.57676,FAU466,SERVIENTREGA - D
26/1/2018,15:17:16,6.22,-75.57676,MMT015,SERVIENTREGA - D
26/1/2018,16:11:41,6.22,-75.57676,MNT890,SERVIENTREGA - D
26/1/2018,17:02:10,6.22,-75.57676,FGU775,SERVIENTREGA - D
26/1/2018,18:41:07,6.22,-75.57676,KIZ412,SERVIENTREGA - D
26/1/2018,19:19:53,6.22,-75.57676,DFW940,SERVIENTREGA - D
26/1/2018,20:11:14,6.22,-75.57676,KBT964,SERVIENTREGA - D
26/1/2018,22:28:34,6.22,-75.57676,KIW248,SERVIENTREGA - D
26/1/2018,22:52:25,6.22,-75.57676,EKR425,SERVIENTREGA - D
27/1/2018,02:15:20,6.22,-75.57676,KIZ412,SERVIENTREGA - D
27/1/2018,08:26:40,6.22,-75.57676,FGJ136,SERVIENTREGA - D
27/1/2018,11:08:02,6.22,-75.57676,MNA513,SERVIENTREGA - D
27/1/2018,11:09:46,6.22,-75.57676,FGU775,SERVIENTREGA - D
27/1/2018,13:14:33,6.22,-75.57676,MNM711,SERVIENTREGA - D
27/1/2018,19:00:19,6.22,-75.57676,RID923,SERVIENTREGA - D
27/1/2018,20:38:41,6.22,-75.57676,MVV979,SERVIENTREGA - D
27/1/2018,22:42:38,6.22,-75.57676,KHG517,SERVIENTREGA - D
28/1/2018,08:46:38,6.22,-75.57676,MSO352,SERVIENTREGA - D
28/1/2018,12:45:14,6.22,-75.57676,FCL797,SERVIENTREGA - D
28/1/2018,16:28:41,6.22,-75.57676,FAU466,SERVIENTREGA - D
28/1/2018,16:43:42,6.22,-75.57676,MNM711,SERVIENTREGA - D
28/1/2018,17:18:25,6.22,-75.57676,KHG517,SERVIENTREGA - D
28/1/2018,19:38:39,6.22,-75.57676,MSR546,SERVIENTREGA - D
29/1/2018,10:05:30,6.22,-75.57676,KIZ412,SERVIENTREGA - D
29/1/2018,14:36:35,6.22,-75.57676,FHK060,SERVIENTREGA - D
29/1/2018,16:30:22,6.22,-75.57676,KBT964,SERVIENTREGA - D
29/1/2018,16:50:49,6.22,-75.57676,HFK128,SERVIENTREGA - D
29/1/2018,23:09:47,6.22,-75.57676,EKR425,SERVIENTREGA - D
3/2/2018,07:08:55,6.22,-75.57676,DFW940,SERVIENTREGA - D
3/2/2018,13:09:50,6.22,-75.57676,FHK060,SERVIENTREGA - D
3/2/2018,19:31:50,6.22,-75.57676,KHG517,SERVIENTREGA - D
3/2/2018,20:03:51,6.22,-75.57676,RID923,SERVIENTREGA - D
30/1/2018,06:43:06,6.22,-75.57676,FGU225,SERVIENTREGA - D
30/1/2018,07:14:52,6.22,-75.57676,DFW940,SERVIENTREGA - D
30/1/2018,09:31:42,6.22,-75.57676,KIZ412,SERVIENTREGA - D
30/1/2018,09:45:40,6.22,-75.57676,EKW374,SERVIENTREGA - D
30/1/2018,12:01:45,6.22,-75.57676,MOP747,SERVIENTREGA - D
30/1/2018,12:32:30,6.22,-75.57676,FCK823,SERVIENTREGA - D
30/1/2018,13:54:45,6.22,-75.57676,FBP847,SERVIENTREGA - D
30/1/2018,15:49:01,6.22,-75.57676,FCR687,SERVIENTREGA - D
30/1/2018,16:36:51,6.22,-75.57676,HFK128,SERVIENTREGA - D
30/1/2018,18:00:24,6.22,-75.57676,MOP747,SERVIENTREGA - D
30/1/2018,19:39:52,6.22,-75.57676,HEX969,SERVIENTREGA - D
30/1/2018,21:22:37,6.22,-75.57676,EKR425,SERVIENTREGA - D
31/1/2018,06:44:47,6.22,-75.57676,DFW940,SERVIENTREGA - D
31/1/2018,09:23:12,6.22,-75.57676,FGW001,SERVIENTREGA - D
31/1/2018,09:49:41,6.22,-75.57676,EKW374,SERVIENTREGA - D
31/1/2018,11:50:03,6.22,-75.57676,KHG517,SERVIENTREGA - D
31/1/2018,13:33:05,6.22,-75.57676,FBP847,SERVIENTREGA - D
31/1/2018,13:52:17,6.22,-75.57676,DFY102,SERVIENTREGA - D
31/1/2018,14:34:12,6.22,-75.57676,KHG517,SERVIENTREGA - D
31/1/2018,16:40:43,6.22,-75.57676,AUS273,SERVIENTREGA - D
31/1/2018,17:06:51,6.22,-75.57676,MOP747,SERVIENTREGA - D
31/1/2018,17:24:52,6.22,-75.57676,HEX969,SERVIENTREGA - D
31/1/2018,17:43:35,6.22,-75.57676,DFW940,SERVIENTREGA - D
31/1/2018,22:04:21,6.22,-75.57676,EKR425,SERVIENTREGA - D
31/1/2018,22:13:08,6.22,-75.57676,MSR546,SERVIENTREGA - D
4/2/2018,00:08:15,6.22,-75.57676,MFV743,SERVIENTREGA - D
4/2/2018,13:53:45,6.22,-75.57676,KBT236,SERVIENTREGA - D
4/2/2018,14:37:13,6.22,-75.57676,FAU466,SERVIENTREGA - D
4/2/2018,14:59:42,6.22,-75.57676,DFW940,SERVIENTREGA - D
4/2/2018,17:12:07,6.22,-75.57676,MMT015,SERVIENTREGA - D
4/2/2018,17:37:52,6.22,-75.57676,MNM711,SERVIENTREGA - D
4/2/2018,18:06:16,6.22,-75.57676,KMS578,SERVIENTREGA - D
1/2/2018,10:09:25,6.189821,-75.580224,FCV756,TRANSVERSAL SUPERIOR
1/2/2018,15:25:06,6.189821,-75.580224,FCK823,TRANSVERSAL SUPERIOR
1/2/2018,17:29:13,6.189821,-75.580224,FGU225,TRANSVERSAL SUPERIOR
1/2/2018,19:08:46,6.189821,-75.580224,DXX951,TRANSVERSAL SUPERIOR
2/2/2018,13:57:28,6.189821,-75.580224,KHG517,TRANSVERSAL SUPERIOR
2/2/2018,21:30:31,6.189821,-75.580224,KHG517,TRANSVERSAL SUPERIOR
22/1/2018,14:42:39,6.189821,-75.580224,DXX951,TRANSVERSAL SUPERIOR
22/1/2018,14:43:55,6.189821,-75.580224,FCK823,TRANSVERSAL SUPERIOR
22/1/2018,17:24:50,6.189821,-75.580224,MFU724,TRANSVERSAL SUPERIOR
22/1/2018,17:53:46,6.189821,-75.580224,MFU724,TRANSVERSAL SUPERIOR
23/1/2018,16:39:14,6.189821,-75.580224,KHS186,TRANSVERSAL SUPERIOR
24/1/2018,10:32:14,6.189821,-75.580224,FBX643,TRANSVERSAL SUPERIOR
24/1/2018,11:46:56,6.189821,-75.580224,RAV695,TRANSVERSAL SUPERIOR
24/1/2018,12:31:28,6.189821,-75.580224,KMS578,TRANSVERSAL SUPERIOR
24/1/2018,13:19:31,6.189821,-75.580224,FCV756,TRANSVERSAL SUPERIOR
24/1/2018,14:20:46,6.189821,-75.580224,FCK823,TRANSVERSAL SUPERIOR
25/1/2018,07:59:50,6.189821,-75.580224,MNQ464,TRANSVERSAL SUPERIOR
25/1/2018,08:19:55,6.189821,-75.580224,KHS186,TRANSVERSAL SUPERIOR
25/1/2018,13:04:06,6.189821,-75.580224,DXX951,TRANSVERSAL SUPERIOR
25/1/2018,13:06:35,6.189821,-75.580224,FCV756,TRANSVERSAL SUPERIOR
25/1/2018,14:04:11,6.189821,-75.580224,KGV004,TRANSVERSAL SUPERIOR
25/1/2018,14:40:25,6.189821,-75.580224,MNT418,TRANSVERSAL SUPERIOR
25/1/2018,15:42:31,6.189821,-75.580224,MNO034,TRANSVERSAL SUPERIOR
25/1/2018,16:39:54,6.189821,-75.580224,DXX951,TRANSVERSAL SUPERIOR
25/1/2018,19:44:50,6.189821,-75.580224,KGV004,TRANSVERSAL SUPERIOR
25/1/2018,20:00:29,6.189821,-75.580224,DFS076,TRANSVERSAL SUPERIOR
26/1/2018,11:24:45,6.189821,-75.580224,KGV004,TRANSVERSAL SUPERIOR
26/1/2018,13:25:18,6.189821,-75.580224,FCV756,TRANSVERSAL SUPERIOR
26/1/2018,13:42:59,6.189821,-75.580224,KGV004,TRANSVERSAL SUPERIOR
26/1/2018,16:19:27,6.189821,-75.580224,KMS578,TRANSVERSAL SUPERIOR
26/1/2018,19:19:49,6.189821,-75.580224,DFS076,TRANSVERSAL SUPERIOR
27/1/2018,09:50:51,6.189821,-75.580224,MMX963,TRANSVERSAL SUPERIOR
28/1/2018,11:22:52,6.189821,-75.580224,FCK823,TRANSVERSAL SUPERIOR
28/1/2018,14:37:16,6.189821,-75.580224,FCK823,TRANSVERSAL SUPERIOR
28/1/2018,16:22:47,6.189821,-75.580224,FCK823,TRANSVERSAL SUPERIOR
29/1/2018,09:35:13,6.189821,-75.580224,KGV004,TRANSVERSAL SUPERIOR
29/1/2018,10:46:52,6.189821,-75.580224,MOX721,TRANSVERSAL SUPERIOR
29/1/2018,18:02:48,6.189821,-75.580224,BRK342,TRANSVERSAL SUPERIOR
29/1/2018,18:39:48,6.189821,-75.580224,FBX643,TRANSVERSAL SUPERIOR
3/2/2018,09:15:54,6.189821,-75.580224,MFU724,TRANSVERSAL SUPERIOR
30/1/2018,08:29:10,6.189821,-75.580224,FCV756,TRANSVERSAL SUPERIOR
30/1/2018,09:50:09,6.189821,-75.580224,KHS186,TRANSVERSAL SUPERIOR
30/1/2018,11:13:58,6.189821,-75.580224,MMT015,TRANSVERSAL SUPERIOR
30/1/2018,15:49:59,6.189821,-75.580224,MNT418,TRANSVERSAL SUPERIOR
31/1/2018,09:29:47,6.189821,-75.580224,KGV004,TRANSVERSAL SUPERIOR
31/1/2018,17:48:16,6.189821,-75.580224,FGU225,TRANSVERSAL SUPERIOR
31/1/2018,19:02:00,6.189821,-75.580224,FBX643,TRANSVERSAL SUPERIOR
31/1/2018,21:38:44,6.189821,-75.580224,KHG517,TRANSVERSAL SUPERIOR
4/2/2018,11:55:52,6.189821,-75.580224,FCK823,TRANSVERSAL SUPERIOR
4/2/2018,11:58:34,6.189821,-75.580224,FCV756,TRANSVERSAL SUPERIOR
4/2/2018,15:46:40,6.189821,-75.580224,MMT015,TRANSVERSAL SUPERIOR
4/2/2018,18:28:46,6.189821,-75.580224,KGV004,TRANSVERSAL SUPERIOR
1/2/2018,07:26:11,6.190085,-75.582638,FGJ136,TUGO II
1/2/2018,10:56:26,6.190085,-75.582638,AUS273,TUGO II
1/2/2018,11:57:32,6.190085,-75.582638,EWX390,TUGO II
1/2/2018,12:20:19,6.190085,-75.582638,MSR546,TUGO II
1/2/2018,14:06:34,6.190085,-75.582638,LJA075,TUGO II
1/2/2018,14:06:39,6.190085,-75.582638,KMS578,TUGO II
1/2/2018,21:30:35,6.190085,-75.582638,FAV822,TUGO II
2/2/2018,01:02:47,6.190085,-75.582638,MOQ250,TUGO II
2/2/2018,06:32:51,6.190085,-75.582638,FGJ136,TUGO II
2/2/2018,09:03:37,6.190085,-75.582638,MNN689,TUGO II
2/2/2018,09:07:41,6.190085,-75.582638,LJA075,TUGO II
2/2/2018,10:26:07,6.190085,-75.582638,EKV319,TUGO II
2/2/2018,15:12:58,6.190085,-75.582638,CKG936,TUGO II
2/2/2018,17:27:38,6.190085,-75.582638,MFV141,TUGO II
2/2/2018,22:57:22,6.190085,-75.582638,DFW940,TUGO II
2/2/2018,23:48:51,6.190085,-75.582638,FAV822,TUGO II
22/1/2018,07:21:44,6.190085,-75.582638,FGJ136,TUGO II
22/1/2018,09:45:21,6.190085,-75.582638,EWX390,TUGO II
22/1/2018,14:40:34,6.190085,-75.582638,FGW001,TUGO II
22/1/2018,21:19:11,6.190085,-75.582638,MVV979,TUGO II
22/1/2018,21:27:03,6.190085,-75.582638,LJA075,TUGO II
23/1/2018,07:29:13,6.190085,-75.582638,FGJ136,TUGO II
23/1/2018,10:50:15,6.190085,-75.582638,EKU521,TUGO II
23/1/2018,11:26:57,6.190085,-75.582638,DFW940,TUGO II
23/1/2018,14:31:20,6.190085,-75.582638,EWX390,TUGO II
23/1/2018,17:18:13,6.190085,-75.582638,KBT236,TUGO II
24/1/2018,06:36:26,6.190085,-75.582638,FGJ136,TUGO II
24/1/2018,09:30:09,6.190085,-75.582638,LJA075,TUGO II
24/1/2018,10:42:58,6.190085,-75.582638,EWX390,TUGO II
24/1/2018,16:25:18,6.190085,-75.582638,EKU521,TUGO II
24/1/2018,17:20:55,6.190085,-75.582638,FHK060,TUGO II
24/1/2018,19:25:34,6.190085,-75.582638,DFW940,TUGO II
25/1/2018,07:30:12,6.190085,-75.582638,FGJ136,TUGO II
25/1/2018,11:36:27,6.190085,-75.582638,FGU775,TUGO II
25/1/2018,14:54:48,6.190085,-75.582638,EWX390,TUGO II
25/1/2018,17:39:05,6.190085,-75.582638,ELM925,TUGO II
25/1/2018,18:11:39,6.190085,-75.582638,FAV822,TUGO II
25/1/2018,20:59:48,6.190085,-75.582638,FGU775,TUGO II
25/1/2018,21:38:01,6.190085,-75.582638,LJA075,TUGO II
26/1/2018,06:52:57,6.190085,-75.582638,FGJ136,TUGO II
26/1/2018,07:06:37,6.190085,-75.582638,KMS578,TUGO II
26/1/2018,08:32:45,6.190085,-75.582638,EKU521,TUGO II
26/1/2018,14:25:48,6.190085,-75.582638,LJA075,TUGO II
26/1/2018,15:28:36,6.190085,-75.582638,EKV319,TUGO II
26/1/2018,15:31:33,6.190085,-75.582638,EKY965,TUGO II
26/1/2018,15:58:14,6.190085,-75.582638,KMS578,TUGO II
27/1/2018,09:08:22,6.190085,-75.582638,MNN689,TUGO II
27/1/2018,09:10:24,6.190085,-75.582638,LJA075,TUGO II
27/1/2018,10:15:27,6.190085,-75.582638,EKY965,TUGO II
27/1/2018,13:40:23,6.190085,-75.582638,MSO352,TUGO II
27/1/2018,13:47:08,6.190085,-75.582638,EWX390,TUGO II
27/1/2018,15:53:47,6.190085,-75.582638,MNS161,TUGO II
27/1/2018,23:15:45,6.190085,-75.582638,FAV822,TUGO II
28/1/2018,08:43:44,6.190085,-75.582638,MSO352,TUGO II
28/1/2018,10:12:06,6.190085,-75.582638,KHG517,TUGO II
28/1/2018,11:08:21,6.190085,-75.582638,FGU775,TUGO II
28/1/2018,15:26:23,6.190085,-75.582638,HFK128,TUGO II
28/1/2018,15:53:42,6.190085,-75.582638,EKU521,TUGO II
28/1/2018,19:31:42,6.190085,-75.582638,MSR546,TUGO II
28/1/2018,21:16:56,6.190085,-75.582638,LJA075,TUGO II
29/1/2018,07:25:50,6.190085,-75.582638,FGJ136,TUGO II
29/1/2018,10:19:10,6.190085,-75.582638,MNN689,TUGO II
29/1/2018,12:03:14,6.190085,-75.582638,EWX390,TUGO II
29/1/2018,13:17:24,6.190085,-75.582638,FGU775,TUGO II
29/1/2018,14:21:33,6.190085,-75.582638,LJA075,TUGO II
29/1/2018,14:48:57,6.190085,-75.582638,FBP290,TUGO II
29/1/2018,15:45:27,6.190085,-75.582638,KIW930,TUGO II
29/1/2018,18:03:36,6.190085,-75.582638,FHJ225,TUGO II
3/2/2018,09:22:09,6.190085,-75.582638,FGW001,TUGO II
3/2/2018,14:13:22,6.190085,-75.582638,FAV822,TUGO II
30/1/2018,07:13:48,6.190085,-75.582638,FGJ136,TUGO II
30/1/2018,09:01:26,6.190085,-75.582638,FGW001,TUGO II
30/1/2018,09:43:26,6.190085,-75.582638,LJA075,TUGO II
30/1/2018,14:25:08,6.190085,-75.582638,KGV004,TUGO II
30/1/2018,14:38:06,6.190085,-75.582638,EWX390,TUGO II
30/1/2018,14:58:28,6.190085,-75.582638,MMT015,TUGO II
30/1/2018,20:52:23,6.190085,-75.582638,MSR546,TUGO II
30/1/2018,21:43:02,6.190085,-75.582638,EKU521,TUGO II
31/1/2018,06:56:21,6.190085,-75.582638,FGJ136,TUGO II
31/1/2018,09:16:20,6.190085,-75.582638,KBV558,TUGO II
31/1/2018,13:48:56,6.190085,-75.582638,DFY102,TUGO II
31/1/2018,14:44:28,6.190085,-75.582638,FGW001,TUGO II
31/1/2018,14:44:31,6.190085,-75.582638,KBT964,TUGO II
31/1/2018,16:34:44,6.190085,-75.582638,AUS273,TUGO II
31/1/2018,21:45:34,6.190085,-75.582638,FAM813,TUGO II
4/2/2018,01:57:59,6.190085,-75.582638,MOQ250,TUGO II
4/2/2018,07:22:40,6.190085,-75.582638,MFV141,TUGO II
4/2/2018,11:08:14,6.190085,-75.582638,FGW001,TUGO II
4/2/2018,12:12:38,6.190085,-75.582638,FAV822,TUGO II
4/2/2018,12:17:34,6.190085,-75.582638,ABT037,TUGO II
4/2/2018,17:39:01,6.190085,-75.582638,MSR546,TUGO II
4/2/2018,22:26:36,6.190085,-75.582638,FAV822,TUGO II
1/2/2018,22:55:38,6.222478,-75.579693,KHG517,ZOOLOGICO SANTA FE
2/2/2018,17:12:53,6.222478,-75.579693,FAM813,ZOOLOGICO SANTA FE
22/1/2018,14:30:40,6.222478,-75.579693,HFK128,ZOOLOGICO SANTA FE
22/1/2018,17:24:28,6.222478,-75.579693,FBX643,ZOOLOGICO SANTA FE
23/1/2018,17:08:49,6.222478,-75.579693,FGJ136,ZOOLOGICO SANTA FE
25/1/2018,08:29:22,6.222478,-75.579693,MVV979,ZOOLOGICO SANTA FE
25/1/2018,10:36:33,6.222478,-75.579693,HFK128,ZOOLOGICO SANTA FE
25/1/2018,12:24:35,6.222478,-75.579693,HFK128,ZOOLOGICO SANTA FE
26/1/2018,07:07:21,6.222478,-75.579693,HFK128,ZOOLOGICO SANTA FE
29/1/2018,12:29:32,6.222478,-75.579693,KHS186,ZOOLOGICO SANTA FE
29/1/2018,15:22:52,6.222478,-75.579693,HFK128,ZOOLOGICO SANTA FE
29/1/2018,17:36:23,6.222478,-75.579693,MNA513,ZOOLOGICO SANTA FE
30/1/2018,11:57:44,6.222478,-75.579693,FCK823,ZOOLOGICO SANTA FE
30/1/2018,12:33:33,6.222478,-75.579693,KHS186,ZOOLOGICO SANTA FE
31/1/2018,11:51:36,6.222478,-75.579693,DFY102,ZOOLOGICO SANTA FE
31/1/2018,12:53:31,6.222478,-75.579693,MNP616,ZOOLOGICO SANTA FE
31/1/2018,14:12:36,6.222478,-75.579693,MNS963,ZOOLOGICO SANTA FE
4/2/2018,00:53:23,6.222478,-75.579693,KHG517,ZOOLOGICO SANTA FE
4/2/2018,07:30:49,6.222478,-75.579693,MFV141,ZOOLOGICO SANTA FE
